provider,cost,uptime,storage,bandwidth,tech_stack,control_panel,recommended
Hostinger,2.99,99.9,50,100,PHP,hPanel,1
Bluehost,4.95,99.98,100,200,PHP,cPanel,1
A2 Hosting,3.99,99.9,70,150,Python,cPanel,1
GoDaddy,5.99,99.9,120,250,PHP,cPanel,0
Namecheap,1.58,99.8,20,50,PHP,hPanel,0
SiteGround,6.99,99.99,80,200,PHP,cPanel,1
InMotion,3.49,99.9,60,150,Node.js,cPanel,1
iPage,1.99,99.75,30,100,PHP,hPanel,0
DreamHost,2.59,99.95,100,200,Ruby,hPanel,1
GreenGeeks,3.95,99.9,60,150,PHP,cPanel,1
provider,cost,uptime,storage,bandwidth,tech_stack,control_panel,recommended
ZetaSolutions,5.72,99.93,358,1365,Python,vDeck,1
MegaNetworks,4.33,99.88,972,1020,PHP,SPanel,0
AlphaHost,3.19,99.97,605,1231,PHP,SPanel,0
AlphaWorld,6.21,99.93,811,673,Python,vDeck,0
BetaNetworks,1.35,99.76,18,678,Ruby,Custom,0
NanoSolutions,4.55,99.73,925,431,Custom,SPanel,1
TerraServers,2.46,99.88,22,282,Ruby,Custom,0
OmegaSolutions,9.38,99.81,619,1002,Ruby,cPanel,1
AlphaWorld,9.56,99.97,792,183,Python,hPanel,1
ZetaOnline,8.46,99.93,696,1563,Custom,Custom,0
DeltaSolutions,3.12,99.95,720,1247,Custom,Custom,1
AlphaWeb,8.1,99.91,657,1075,Node.js,SPanel,0
HyperNetworks,6.83,99.78,576,267,Ruby,vDeck,1
OmegaWeb,3.44,99.93,106,1207,Custom,cPanel,1
MegaWeb,8.51,99.72,709,1731,PHP,SPanel,0
TerraWorld,4.72,99.85,109,513,PHP,vDeck,0
HyperWeb,6.34,99.88,548,1637,PHP,Custom,0
GammaHost,8.72,99.89,498,1574,Node.js,SPanel,1
TerraServers,6.5,99.83,461,1550,Node.js,SPanel,0
NanoNetworks,3.27,99.87,70,389,PHP,SPanel,0
MegaNetworks,8.91,99.76,124,662,Node.js,cPanel,1
ZetaBox,4.3,99.7,639,240,PHP,hPanel,0
NanoOnline,7.67,99.92,67,1092,Node.js,cPanel,0
TerraHost,4.34,99.92,843,1964,Python,vDeck,1
NanoSolutions,5.29,99.89,767,1103,PHP,cPanel,1
NanoBox,4.02,99.72,713,1509,Custom,Custom,1
OmegaCloud,8.46,99.84,694,271,Ruby,cPanel,1
TerraWeb,8.65,99.88,297,1501,Node.js,SPanel,0
AlphaNetworks,6.69,99.94,347,726,Custom,vDeck,0
NanoNetworks,4.33,99.72,970,573,Ruby,hPanel,1
MegaNetworks,2.67,99.84,448,1677,Ruby,hPanel,0
BetaWorld,5.53,99.83,800,676,Node.js,Custom,0
NanoCloud,3.68,99.81,437,518,Custom,vDeck,1
BetaHost,1.81,99.88,175,268,Node.js,vDeck,0
TerraHost,1.74,99.97,833,300,Python,vDeck,1
ZetaWeb,1.02,99.98,155,1745,Python,cPanel,1
DeltaHost,1.76,99.94,232,1728,Ruby,vDeck,0
AlphaServers,4.14,99.97,678,127,Node.js,hPanel,1
OmegaServers,6.2,99.9,651,1808,Node.js,SPanel,0
MegaOnline,9.49,99.83,82,869,Custom,hPanel,1
NanoNetworks,6.03,99.79,800,186,Python,SPanel,0
BetaHost,8.95,99.86,618,1672,PHP,Custom,1
NanoWorld,7.91,99.82,284,368,Ruby,Custom,1
ZetaWeb,5.14,99.83,777,1324,Custom,hPanel,1
NanoOnline,9.2,99.8,344,1914,Custom,hPanel,1
TerraCloud,7.46,99.95,731,199,Node.js,vDeck,0
TerraServers,9.51,99.93,397,364,Node.js,hPanel,0
HyperHost,3.52,99.89,184,1723,Node.js,vDeck,0
DeltaBox,2.62,99.82,791,1308,PHP,Custom,1
OmegaGrid,2.7,99.9,96,1176,Node.js,vDeck,1
HyperNetworks,5.0,99.89,822,331,Custom,hPanel,0
OmegaHost,4.17,99.7,748,651,Ruby,vDeck,0
TerraOnline,9.12,99.92,861,435,Custom,SPanel,0
DeltaNetworks,3.09,99.87,611,407,Ruby,Custom,1
OmegaWeb,3.96,99.73,368,459,Custom,cPanel,1
TerraSolutions,5.25,99.79,136,1054,Custom,vDeck,0
DeltaNetworks,8.32,99.8,657,248,Node.js,cPanel,0
AlphaHost,8.89,99.83,178,850,Python,SPanel,1
OmegaWeb,4.19,99.95,854,1484,Custom,vDeck,0
ZetaWorld,7.59,99.82,75,1687,Ruby,hPanel,0
ZetaCloud,8.32,99.81,72,545,PHP,hPanel,0
MegaWeb,8.56,99.74,246,792,PHP,SPanel,1
AlphaNetworks,3.25,99.86,477,1558,Ruby,Custom,1
TerraWeb,6.16,99.9,425,1729,Ruby,SPanel,1
ZetaGrid,5.25,99.76,181,1482,Custom,cPanel,0
AlphaOnline,4.1,99.99,465,1727,Node.js,hPanel,1
OmegaOnline,2.73,99.75,904,576,Node.js,SPanel,0
OmegaBox,6.45,99.97,162,52,Ruby,SPanel,0
DeltaOnline,1.02,99.78,73,864,Node.js,vDeck,1
TerraSolutions,5.56,99.72,574,324,PHP,hPanel,1
BetaSolutions,5.99,99.71,461,1361,Custom,SPanel,1
MegaWeb,2.31,99.71,406,331,PHP,vDeck,1
GammaCloud,3.17,99.94,331,415,Python,Custom,0
BetaBox,2.72,99.82,323,1882,PHP,SPanel,1
MegaHost,6.06,99.74,250,957,Ruby,hPanel,0
BetaWeb,3.07,99.83,460,664,PHP,hPanel,1
ZetaGrid,3.37,99.85,950,653,Node.js,Custom,1
GammaBox,1.55,99.8,748,600,Custom,vDeck,1
ZetaGrid,7.31,99.73,516,408,Node.js,SPanel,0
MegaGrid,8.51,99.95,941,808,Node.js,vDeck,1
NanoServers,4.63,99.98,787,510,Python,SPanel,1
TerraSolutions,4.52,99.88,747,1440,Node.js,vDeck,0
NanoNetworks,1.84,99.96,447,1560,Custom,hPanel,0
ZetaServers,3.65,99.91,506,1395,Node.js,SPanel,0
TerraWeb,3.69,99.85,711,779,Python,vDeck,0
BetaCloud,2.28,99.73,766,1698,Node.js,SPanel,0
MegaServers,4.1,99.76,46,54,Ruby,SPanel,1
HyperNetworks,6.24,99.86,132,1931,PHP,hPanel,1
MegaSolutions,9.52,99.75,222,999,Ruby,Custom,0
DreamHost,2.59,99.95,100,200,Ruby,hPanel,1
ZetaCloud,3.31,99.99,294,1116,Ruby,cPanel,1
OmegaOnline,6.88,99.83,10,52,Custom,vDeck,0
AlphaNetworks,4.37,99.8,301,528,Custom,SPanel,1
MegaGrid,9.5,99.88,461,1520,PHP,hPanel,0
MegaServers,2.11,99.79,739,179,Python,cPanel,0
GammaWorld,8.31,99.71,591,137,Custom,cPanel,0
ZetaHost,4.26,99.83,658,1860,PHP,cPanel,0
AlphaHost,3.67,99.83,158,449,Python,vDeck,0
HyperServers,8.82,99.72,82,1148,Python,Custom,1
OmegaBox,6.89,99.85,153,581,PHP,vDeck,1
BetaGrid,2.26,99.8,877,1352,Ruby,SPanel,0
ChemiCloud,3.95,99.9,unlimited,unlimited,PHP,cPanel,1
GammaWeb,6.1,99.86,235,407,PHP,hPanel,0
MegaWeb,5.13,99.79,463,857,Ruby,SPanel,1
AlphaNetworks,2.39,99.78,346,1089,Custom,vDeck,0
TerraServers,4.44,99.71,826,725,PHP,hPanel,1
DeltaGrid,3.82,99.79,924,445,Node.js,SPanel,1
DeltaNetworks,4.81,99.8,52,881,Python,cPanel,1
NanoHost,8.42,99.87,676,1404,Custom,SPanel,0
DeltaCloud,4.42,99.84,131,1746,PHP,SPanel,1
TerraBox,5.02,99.89,447,1932,Ruby,SPanel,1
BetaOnline,2.57,99.95,433,618,PHP,Custom,1
MegaServers,1.05,99.77,354,756,PHP,Custom,1
AlphaSolutions,1.83,99.83,479,1922,PHP,hPanel,0
BetaNetworks,4.61,99.78,611,1329,Node.js,Custom,0
ZetaOnline,6.37,99.77,411,894,Python,hPanel,0
OmegaWorld,7.34,99.83,814,1156,Ruby,SPanel,1
MegaServers,7.89,99.89,546,457,Ruby,vDeck,0
ZetaNetworks,8.65,99.71,300,1650,Node.js,Custom,0
DeltaBox,3.46,99.73,311,1237,Custom,hPanel,0
NanoHost,9.4,99.98,113,586,PHP,Custom,1
TerraServers,7.11,99.97,864,1442,Python,hPanel,0
BetaHost,4.94,99.87,142,1644,Ruby,hPanel,0
TerraGrid,4.1,99.81,727,577,PHP,Custom,0
GammaNetworks,4.11,99.93,693,1433,Custom,cPanel,1
DeltaSolutions,1.28,99.74,490,181,PHP,vDeck,1
TerraGrid,4.65,99.98,326,1139,Python,Custom,1
TerraWeb,1.28,99.85,954,854,Custom,hPanel,0
HyperWorld,6.53,99.75,191,763,Node.js,hPanel,0
MegaBox,7.68,99.93,835,714,PHP,SPanel,0
OmegaHost,1.76,99.81,542,1822,Ruby,Custom,1
AlphaWorld,6.74,99.97,358,1482,PHP,Custom,0
GammaWorld,9.06,99.94,380,859,Python,Custom,0
BetaGrid,1.08,99.89,165,307,Node.js,vDeck,0
MegaServers,3.89,99.98,578,951,Custom,hPanel,1
ZetaCloud,5.87,99.71,986,1807,Custom,hPanel,1
GammaCloud,9.66,99.86,906,377,Ruby,vDeck,1
ZetaCloud,1.6,99.85,793,905,Python,hPanel,1
NanoBox,4.66,99.96,341,1790,Ruby,hPanel,0
TerraBox,1.15,99.83,91,1241,Node.js,vDeck,0
DeltaWorld,4.24,99.83,353,1687,Python,SPanel,0
HyperCloud,5.96,99.97,200,1105,Ruby,Custom,0
ZetaHost,1.11,99.97,78,1655,Node.js,Custom,1
ZetaSolutions,9.99,99.88,582,1658,PHP,vDeck,0
NanoBox,6.43,99.83,200,472,Node.js,vDeck,0
GammaBox,2.31,99.75,110,1477,Node.js,hPanel,1
TerraNetworks,7.11,99.81,416,389,PHP,hPanel,0
AlphaHost,7.98,99.82,394,1210,Node.js,vDeck,0
HyperServers,3.3,99.76,785,1785,Custom,vDeck,0
GammaServers,5.4,99.81,373,1411,Node.js,Custom,1
HyperCloud,7.74,99.89,636,1525,Node.js,hPanel,0
AlphaBox,2.65,99.91,904,959,Ruby,vDeck,1
AlphaGrid,8.21,99.81,771,68,Ruby,Custom,1
OmegaSolutions,6.39,99.88,57,391,Custom,cPanel,0
AccuWeb,3.09,99.9,50,500,PHP,cPanel,1
NanoWeb,9.79,99.92,374,433,Custom,cPanel,1
OmegaCloud,4.64,99.81,616,1334,Ruby,cPanel,0
MegaHost,8.65,99.81,795,411,Python,Custom,1
MegaOnline,4.68,99.97,33,328,PHP,hPanel,1
MegaNetworks,4.32,99.95,885,297,PHP,vDeck,1
OmegaServers,6.05,99.83,611,1796,Node.js,Custom,0
MegaServers,5.25,99.97,419,1314,Custom,vDeck,0
AlphaWeb,9.14,99.76,90,345,Node.js,cPanel,1
NanoBox,4.69,99.9,591,398,Python,cPanel,1
NanoSolutions,2.11,99.93,692,1168,PHP,SPanel,1
BetaHost,1.81,99.81,930,266,PHP,Custom,0
OmegaGrid,1.25,99.75,421,710,PHP,vDeck,0
NanoWorld,4.82,99.81,18,721,Custom,Custom,1
AlphaHost,1.22,99.95,162,1787,Node.js,Custom,0
GammaWeb,1.57,99.76,967,1491,Custom,Custom,0
MegaGrid,1.9,99.8,288,1859,Custom,hPanel,0
NanoBox,6.65,99.75,297,229,Ruby,hPanel,0
HyperCloud,7.29,99.99,574,1606,Node.js,hPanel,0
OmegaServers,7.79,99.89,357,1302,Node.js,cPanel,1
BetaHost,5.89,99.71,180,1140,Node.js,SPanel,0
BetaServers,8.43,99.77,129,1653,Custom,hPanel,1
OmegaWorld,9.69,99.93,341,1016,Node.js,hPanel,1
TerraCloud,1.99,99.93,772,1158,Ruby,cPanel,0
DeltaBox,8.18,99.98,558,636,Ruby,vDeck,1
GammaCloud,5.65,99.95,602,800,Custom,Custom,0
MegaNetworks,2.51,99.85,277,220,Python,SPanel,1
ZetaWorld,4.47,99.93,447,663,Python,SPanel,0
OmegaWeb,5.35,99.95,626,270,Ruby,SPanel,1
MegaBox,3.8,99.83,473,851,Node.js,Custom,1
MegaSolutions,7.2,99.79,427,1339,Ruby,cPanel,0
TerraCloud,5.16,99.85,875,757,Custom,hPanel,1
OmegaCloud,7.32,99.85,984,574,Ruby,hPanel,0
OmegaOnline,8.98,99.74,860,440,PHP,SPanel,0
NanoOnline,7.37,99.99,771,456,Node.js,hPanel,0
BetaOnline,7.21,99.99,780,202,Custom,vDeck,1
ZetaNetworks,8.61,99.97,463,1291,Node.js,Custom,0
TerraHost,1.21,99.84,420,1561,Ruby,Custom,0
BetaNetworks,6.92,99.9,585,945,Custom,cPanel,0
ZetaOnline,4.52,99.97,108,514,Ruby,SPanel,0
BetaHost,9.39,99.73,493,1815,PHP,cPanel,1
GammaServers,6.42,99.98,773,1237,Ruby,vDeck,0
ZetaCloud,7.31,99.74,860,1167,PHP,vDeck,1
NanoCloud,6.84,99.97,659,1141,Custom,SPanel,0
TerraWorld,6.5,99.83,250,1770,Node.js,hPanel,1
NanoCloud,6.59,99.94,208,778,PHP,SPanel,0
GammaHost,3.64,99.91,195,1937,Python,hPanel,0
BetaCloud,9.53,99.87,397,1678,Python,vDeck,1
GammaCloud,5.96,99.76,34,1784,Node.js,hPanel,0
DeltaGrid,7.02,99.75,777,1644,Node.js,vDeck,0
ZetaSolutions,4.64,99.93,438,1810,Ruby,hPanel,0
DeltaNetworks,3.77,99.79,383,1140,Node.js,vDeck,1
DeltaSolutions,1.77,100.0,896,532,Node.js,cPanel,1
MegaWeb,9.0,99.98,761,660,Python,SPanel,0
BetaWeb,4.97,99.73,978,486,Custom,Custom,0
AlphaNetworks,7.46,99.96,69,1183,Node.js,cPanel,1
BetaCloud,3.23,99.82,685,1456,Custom,vDeck,1
NanoGrid,8.25,99.98,201,70,Ruby,Custom,0
TerraSolutions,5.68,99.97,318,268,Custom,hPanel,1
BetaServers,9.25,99.84,945,1046,Ruby,Custom,1
Kinsta,30.0,99.99,50,250,PHP,Custom,1
ZetaCloud,1.94,99.9,234,452,Ruby,hPanel,0
GammaCloud,3.88,99.76,435,473,Custom,cPanel,0
ZetaWeb,4.53,99.93,514,1214,Custom,vDeck,1
DeltaCloud,3.73,99.82,951,1602,Ruby,SPanel,1
DeltaWeb,9.91,99.82,351,1045,Node.js,SPanel,0
NanoWeb,5.59,99.89,86,1566,Ruby,vDeck,0
DeltaNetworks,8.49,99.98,720,1527,PHP,cPanel,1
DeltaSolutions,7.92,99.78,411,1891,Custom,vDeck,0
OmegaGrid,5.83,99.79,599,579,PHP,Custom,0
OmegaWeb,8.56,99.71,933,1445,Node.js,cPanel,1
DeltaWeb,5.78,99.98,767,1882,PHP,SPanel,1
ZetaServers,2.33,99.79,237,948,PHP,SPanel,1
OmegaOnline,1.33,99.84,106,1642,Python,hPanel,1
ZetaSolutions,6.14,99.96,162,1368,PHP,Custom,1
AlphaSolutions,2.11,99.72,410,310,Node.js,cPanel,1
MegaOnline,7.88,99.99,216,1886,Python,hPanel,0
AlphaNetworks,5.89,99.8,259,607,Python,SPanel,0
HyperBox,6.83,99.98,869,1961,Custom,SPanel,0
GammaOnline,1.03,99.72,728,750,Node.js,hPanel,0
DeltaWeb,1.24,99.93,657,547,Ruby,hPanel,0
DeltaServers,8.4,99.81,266,1619,Python,hPanel,0
NanoNetworks,3.11,99.97,115,450,Node.js,vDeck,1
ZetaHost,3.92,99.81,563,1874,PHP,cPanel,0
NanoSolutions,5.61,100.0,305,852,Python,Custom,1
DeltaOnline,6.51,99.81,772,1286,Python,Custom,1
OmegaNetworks,9.57,99.81,474,1483,Node.js,hPanel,1
TerraOnline,9.2,99.75,663,1022,Python,Custom,0
OmegaHost,8.21,99.99,54,1852,Ruby,hPanel,0
AlphaOnline,7.65,99.72,686,102,Node.js,cPanel,1
ZetaHost,9.68,99.9,789,490,PHP,cPanel,1
DeltaWorld,6.32,99.92,912,1127,Python,Custom,1
MegaServers,8.78,99.74,961,326,Ruby,vDeck,0
AlphaServers,6.92,99.97,526,1497,Python,Custom,0
MegaWorld,1.89,99.97,343,1327,Ruby,SPanel,1
OmegaWorld,1.58,99.79,902,635,Python,Custom,0
DeltaCloud,9.01,99.81,648,1828,Ruby,cPanel,1
TerraOnline,6.19,99.92,356,78,Python,cPanel,0
BetaGrid,1.55,99.75,903,932,PHP,cPanel,0
AlphaOnline,4.07,99.76,533,1473,Ruby,vDeck,1
MegaWeb,8.92,99.83,12,829,Node.js,Custom,1
DeltaGrid,9.94,99.89,46,274,PHP,vDeck,1
OmegaCloud,4.55,99.9,525,692,PHP,Custom,1
BetaOnline,5.3,99.81,252,1037,Ruby,Custom,0
GammaNetworks,4.06,99.74,555,1577,Ruby,Custom,0
GammaWorld,7.3,99.96,818,1915,Custom,SPanel,0
TerraCloud,1.87,99.87,100,1992,Python,hPanel,1
BetaBox,8.73,99.95,366,637,Custom,SPanel,0
NanoSolutions,5.0,99.91,791,1567,Python,Custom,1
MegaSolutions,5.51,99.72,623,1738,Custom,SPanel,1
NanoSolutions,2.7,99.9,450,1953,Custom,hPanel,1
HyperCloud,8.42,99.81,439,1422,Custom,vDeck,1
GammaWeb,9.82,99.72,798,1684,Custom,cPanel,1
BetaNetworks,9.25,99.74,388,1973,Ruby,Custom,1
BetaOnline,3.14,99.88,381,1428,Node.js,hPanel,1
TerraGrid,6.84,99.73,857,928,Custom,SPanel,1
OmegaOnline,7.61,99.76,170,123,Node.js,hPanel,0
HyperHost,6.39,99.76,905,268,Ruby,cPanel,0
MegaCloud,5.65,99.91,620,190,Ruby,vDeck,1
MegaBox,9.0,99.72,523,1942,Ruby,Custom,0
ZetaGrid,5.94,99.89,959,457,Node.js,vDeck,0
MegaCloud,6.57,99.93,822,147,Custom,Custom,0
ZetaSolutions,5.76,99.96,752,1978,Custom,SPanel,1
NanoWeb,6.43,99.79,882,806,Custom,hPanel,0
BetaServers,6.99,99.86,73,1730,Python,hPanel,1
NanoHost,4.57,99.81,955,1339,PHP,hPanel,1
AlphaBox,3.17,99.77,547,300,Custom,cPanel,0
MegaCloud,3.87,99.73,356,475,Ruby,cPanel,1
AlphaBox,7.23,99.78,708,1211,PHP,cPanel,1
TerraCloud,5.03,99.99,730,1163,Python,cPanel,0
GammaNetworks,8.82,99.73,640,593,PHP,Custom,1
TerraNetworks,7.61,99.85,679,756,Ruby,vDeck,0
ZetaOnline,8.65,99.97,957,1519,Python,cPanel,0
OmegaNetworks,7.53,99.95,968,1494,Custom,Custom,0
AlphaWeb,9.57,99.72,121,1435,Custom,SPanel,0
AlphaOnline,8.92,99.87,297,1958,Python,hPanel,1
DeltaGrid,5.11,99.94,728,1430,Custom,Custom,1
HyperWorld,6.21,99.75,108,226,PHP,Custom,1
GammaBox,5.66,99.77,860,982,Node.js,Custom,1
MegaBox,9.46,99.88,258,1886,Custom,SPanel,0
DeltaCloud,2.78,99.71,265,357,Ruby,cPanel,0
AlphaServers,8.24,99.94,680,1970,Ruby,SPanel,0
AlphaOnline,7.55,99.76,231,681,Node.js,Custom,0
AlphaNetworks,6.48,99.74,559,700,Node.js,vDeck,0
BetaGrid,4.82,99.95,35,1252,Custom,hPanel,0
AlphaBox,4.31,99.91,871,691,Python,Custom,0
OmegaServers,2.33,99.92,530,1630,Node.js,Custom,0
DeltaGrid,4.68,99.87,134,264,Python,vDeck,1
TerraOnline,8.25,99.81,710,266,Python,SPanel,0
HyperGrid,6.75,99.82,471,1787,PHP,cPanel,0
HyperWeb,7.61,99.91,239,1100,Node.js,hPanel,0
OmegaGrid,4.35,99.72,134,1419,Python,SPanel,1
OmegaHost,7.73,99.92,544,1658,Custom,SPanel,1
BetaOnline,4.74,99.81,56,1484,PHP,SPanel,0
OmegaCloud,2.92,99.84,288,572,Node.js,hPanel,1
NanoOnline,5.53,99.97,962,884,Node.js,cPanel,1
NanoHost,6.8,99.82,847,144,Custom,hPanel,0
ZetaServers,2.32,99.76,131,1676,Python,hPanel,1
TerraServers,5.14,99.83,424,1333,Custom,SPanel,1
MegaGrid,8.02,99.87,944,230,Ruby,SPanel,0
MegaWorld,8.77,99.88,459,1577,PHP,cPanel,1
NanoBox,1.34,99.77,393,828,Ruby,Custom,0
AlphaWorld,5.15,99.86,116,317,Node.js,cPanel,0
NanoBox,2.26,99.76,253,424,Python,SPanel,0
Pantheon,29.0,99.99,20,125,PHP,Custom,1
AlphaOnline,9.5,99.87,364,189,PHP,SPanel,0
TerraSolutions,2.8,99.98,451,1317,Node.js,SPanel,0
TerraCloud,1.58,99.81,570,1761,PHP,cPanel,1
BetaServers,8.94,99.83,620,601,Custom,hPanel,0
AlphaOnline,4.54,99.94,306,1547,Python,Custom,1
NanoWorld,3.4,99.87,655,940,Node.js,Custom,1
AlphaWorld,3.37,99.78,890,1223,PHP,hPanel,1
NanoCloud,7.76,99.9,60,1137,Node.js,Custom,1
TerraOnline,7.77,99.76,23,1260,Ruby,SPanel,1
BetaSolutions,5.91,99.81,708,1347,Custom,SPanel,0
GammaSolutions,8.59,99.93,410,1425,PHP,hPanel,1
OmegaHost,3.58,99.97,833,1667,PHP,SPanel,1
TerraServers,8.13,99.98,926,487,Custom,cPanel,0
OmegaServers,4.48,99.93,801,593,PHP,Custom,1
HyperOnline,9.4,99.83,154,507,Python,hPanel,1
ZetaWorld,6.72,99.79,591,1480,Custom,Custom,0
BetaWorld,7.85,99.79,195,1937,PHP,cPanel,0
GammaServers,8.77,99.87,291,551,Python,hPanel,1
GammaOnline,3.69,99.98,143,1385,Python,hPanel,0
BetaBox,9.67,99.77,737,158,Ruby,SPanel,1
MegaOnline,3.14,99.81,96,62,Custom,SPanel,0
BetaCloud,4.03,99.7,70,1884,PHP,SPanel,0
OmegaCloud,1.98,99.91,880,1882,PHP,SPanel,1
HyperOnline,3.9,99.82,330,400,Python,cPanel,0
HyperBox,5.29,99.87,22,1133,Node.js,Custom,1
GammaServers,4.63,99.98,18,924,PHP,Custom,0
ZetaOnline,5.52,99.84,755,427,Node.js,hPanel,1
BetaHost,2.39,99.95,508,253,Ruby,Custom,0
MegaGrid,7.56,99.74,926,1645,PHP,Custom,1
NanoCloud,6.24,99.92,940,883,PHP,hPanel,0
BetaHost,5.32,99.92,821,1148,PHP,vDeck,0
DeltaHost,1.88,99.94,298,448,Ruby,SPanel,0
NanoSolutions,7.44,99.82,476,1535,PHP,SPanel,1
AlphaCloud,1.2,99.81,928,766,Node.js,vDeck,0
OmegaServers,4.27,99.7,339,747,Node.js,cPanel,1
DeltaOnline,1.48,99.72,310,851,Custom,cPanel,0
MegaServers,4.76,99.91,870,315,Node.js,cPanel,1
NanoSolutions,6.72,99.76,135,1079,Custom,cPanel,1
ZetaServers,6.59,99.91,659,318,Ruby,vDeck,0
MegaSolutions,5.88,99.95,90,144,PHP,vDeck,0
TerraCloud,7.96,99.77,184,179,Custom,cPanel,0
NanoBox,5.22,99.79,969,1615,PHP,cPanel,1
BetaWorld,7.3,99.89,976,502,Ruby,vDeck,0
DeltaServers,2.18,99.94,187,1649,Python,vDeck,0
BetaNetworks,2.45,99.74,355,847,Node.js,Custom,0
AlphaWorld,3.69,99.93,885,1274,Custom,Custom,0
ZetaNetworks,8.41,99.87,267,1759,Python,vDeck,1
OmegaGrid,8.33,99.72,339,376,Custom,hPanel,0
HyperSolutions,9.13,99.96,85,1823,Node.js,vDeck,1
ZetaWeb,5.93,99.84,77,1371,PHP,Custom,0
OmegaCloud,7.33,99.98,422,1842,Ruby,Custom,0
MegaWorld,2.41,99.99,738,1027,PHP,cPanel,0
HyperWorld,8.25,99.85,505,603,PHP,vDeck,0
OmegaBox,5.75,99.81,130,209,Custom,vDeck,1
BetaServers,9.14,99.7,979,1010,Custom,Custom,0
ZetaBox,4.14,99.98,829,1657,Node.js,hPanel,1
ZetaWorld,2.68,99.82,497,1331,Node.js,SPanel,1
OmegaWorld,6.59,99.86,287,341,Custom,hPanel,0
ZetaCloud,6.32,99.92,109,1259,PHP,cPanel,0
AlphaServers,8.04,99.97,70,1426,Ruby,vDeck,0
BetaNetworks,2.55,99.84,876,512,Python,Custom,1
GammaNetworks,8.7,99.72,440,1567,Python,vDeck,0
MegaHost,6.78,99.81,994,744,Python,vDeck,0
MegaWorld,2.08,99.96,803,1510,Node.js,vDeck,0
TerraWeb,3.57,100.0,878,1124,Node.js,SPanel,1
AlphaBox,5.33,99.72,436,616,Ruby,Custom,1
NanoWorld,1.44,99.76,584,1868,Ruby,Custom,1
MegaWorld,6.74,99.83,488,997,PHP,cPanel,1
BetaGrid,3.21,99.95,93,220,Ruby,cPanel,0
OmegaWeb,5.44,99.8,934,742,PHP,hPanel,0
HyperBox,2.64,99.71,490,1049,Python,vDeck,1
OmegaHost,7.33,99.81,766,673,PHP,Custom,1
AlphaCloud,4.43,99.76,35,1177,Ruby,SPanel,1
AlphaHost,8.59,99.77,165,434,Custom,cPanel,0
AlphaServers,2.59,99.75,747,1550,Python,hPanel,0
OmegaGrid,4.54,99.87,872,1561,PHP,vDeck,0
ZetaOnline,8.79,99.84,974,1866,Custom,Custom,1
ZetaSolutions,7.89,99.76,810,1602,Ruby,Custom,0
TerraCloud,5.28,99.71,914,597,Python,cPanel,0
MegaGrid,3.45,99.95,624,1536,Ruby,hPanel,0
MegaServers,8.09,99.88,207,1776,Custom,hPanel,0
DeltaGrid,2.57,99.95,744,637,Custom,SPanel,0
BetaNetworks,8.52,99.88,514,1355,Ruby,cPanel,1
GammaGrid,3.52,99.96,822,521,PHP,hPanel,1
NanoCloud,3.99,100.0,765,238,Python,hPanel,0
BetaNetworks,3.44,100.0,138,1775,Python,vDeck,1
MegaOnline,1.55,99.78,83,648,Custom,cPanel,1
MegaNetworks,1.51,99.92,510,658,PHP,cPanel,0
TerraOnline,5.77,99.86,615,156,PHP,hPanel,1
OmegaGrid,3.26,99.98,183,353,PHP,cPanel,0
BetaOnline,1.57,99.89,946,1938,PHP,vDeck,1
MegaHost,5.37,99.76,301,999,Node.js,vDeck,1
DeltaBox,7.07,99.73,173,407,Custom,hPanel,0
HyperNetworks,8.43,99.88,725,1324,Custom,SPanel,0
MegaSolutions,4.03,99.99,233,360,Node.js,Custom,0
GammaGrid,4.2,99.91,978,246,Ruby,SPanel,0
ZetaWeb,3.84,99.98,489,333,Ruby,vDeck,1
TerraHost,7.94,99.78,432,1007,PHP,SPanel,1
BetaBox,3.71,99.75,253,1468,Python,hPanel,0
MegaNetworks,6.74,99.99,736,1618,Custom,cPanel,1
FatCow,3.15,99.9,unlimited,unlimited,PHP,vDeck,0
MegaCloud,4.3,99.86,322,1581,Python,vDeck,1
DeltaNetworks,8.64,99.92,296,910,Python,hPanel,1
NanoHost,6.46,99.96,777,935,PHP,SPanel,0
AlphaWeb,2.89,99.71,113,507,Python,vDeck,0
OmegaWorld,2.01,99.79,483,857,PHP,Custom,1
BetaWeb,9.9,99.98,998,106,Python,SPanel,0
AlphaNetworks,8.4,99.89,205,443,Custom,SPanel,1
TerraHost,6.83,99.75,142,700,Node.js,hPanel,0
DeltaOnline,1.17,99.94,345,735,Python,Custom,0
HyperServers,1.29,99.72,783,1548,Python,Custom,1
ZetaGrid,3.56,99.78,734,625,Custom,SPanel,0
BetaHost,7.47,99.81,490,489,Custom,cPanel,0
BetaServers,7.58,99.75,354,1961,Python,hPanel,0
OmegaSolutions,8.69,99.87,445,680,Python,Custom,0
AlphaNetworks,6.61,99.83,826,574,Python,cPanel,1
MegaWorld,3.83,99.84,431,500,Custom,hPanel,1
TerraSolutions,3.05,99.89,267,1186,Custom,Custom,1
TerraSolutions,8.03,99.98,719,835,Custom,hPanel,0
ZetaCloud,3.2,99.71,602,717,Python,vDeck,1
AlphaNetworks,8.5,99.87,111,1066,Node.js,vDeck,0
OmegaGrid,3.08,99.7,94,1751,Python,SPanel,0
MegaServers,8.18,99.76,34,747,Python,cPanel,0
TerraWeb,4.38,99.95,67,1528,Python,hPanel,1
HyperOnline,2.18,99.86,186,1234,Custom,SPanel,0
BetaOnline,1.83,99.93,555,1604,Python,hPanel,0
MegaGrid,5.13,99.81,904,279,Custom,cPanel,0
AlphaBox,3.46,99.81,932,186,Node.js,vDeck,0
ZetaWorld,6.91,99.83,920,524,Node.js,cPanel,0
BetaHost,7.83,99.97,555,810,Node.js,hPanel,0
ZetaNetworks,1.29,99.82,839,281,Python,vDeck,0
HyperGrid,4.32,99.88,199,468,Custom,vDeck,0
OmegaCloud,6.86,99.98,225,615,Node.js,SPanel,1
TerraWeb,1.96,99.72,524,95,Custom,cPanel,0
BetaWeb,2.06,99.73,322,462,Custom,hPanel,0
GammaWeb,5.06,99.82,345,1058,PHP,hPanel,0
OmegaServers,1.06,99.94,179,1394,Node.js,Custom,1
GammaWorld,5.85,99.9,992,847,Node.js,Custom,0
TerraSolutions,5.48,99.77,951,1459,Node.js,vDeck,0
ZetaHost,4.73,99.97,86,1305,Node.js,cPanel,0
TerraBox,4.59,99.85,482,707,Ruby,vDeck,1
OmegaServers,3.63,99.96,794,625,Node.js,hPanel,0
ZetaWorld,2.86,99.85,988,958,Custom,SPanel,1
OmegaNetworks,5.61,99.95,685,855,PHP,Custom,1
DeltaWeb,5.66,99.86,671,986,Custom,cPanel,1
HyperServers,2.69,99.79,316,1650,Node.js,vDeck,0
OmegaNetworks,5.81,99.73,821,690,Node.js,SPanel,0
AlphaBox,3.1,99.79,428,1343,Node.js,cPanel,1
OmegaGrid,8.08,99.89,743,1144,Node.js,hPanel,1
HyperSolutions,1.76,99.75,940,765,Node.js,cPanel,1
ZetaGrid,8.76,99.72,555,818,PHP,SPanel,0
GammaGrid,8.49,99.74,950,602,Ruby,vDeck,1
HyperHost,2.38,99.84,268,587,Ruby,Custom,0
ZetaCloud,9.44,99.93,504,1832,Custom,vDeck,0
ZetaBox,2.73,99.93,796,682,Custom,vDeck,0
HyperOnline,6.41,99.83,237,1556,Ruby,cPanel,1
DeltaHost,4.39,99.98,636,86,Custom,cPanel,0
NanoWorld,5.84,99.92,265,1686,Ruby,vDeck,0
TerraServers,5.73,99.81,113,255,Ruby,SPanel,0
AlphaWorld,1.33,99.73,310,641,Ruby,Custom,0
BetaBox,5.75,99.83,628,1693,PHP,hPanel,0
ZetaServers,6.77,99.87,68,675,Custom,vDeck,0
OmegaNetworks,1.73,99.84,970,122,Python,hPanel,1
MegaWeb,5.65,99.78,422,1783,Custom,cPanel,1
ZetaWorld,2.01,99.93,383,1559,Node.js,SPanel,0
MegaServers,9.55,99.83,558,186,Ruby,Custom,0
BetaOnline,7.77,99.97,340,1135,PHP,vDeck,0
TerraGrid,9.47,99.96,513,1874,Node.js,SPanel,1
NanoWeb,3.56,99.88,446,589,Custom,vDeck,0
NanoHost,4.56,99.72,214,1006,Node.js,vDeck,0
HyperHost,5.74,99.95,60,249,PHP,SPanel,1
BetaWeb,7.33,99.7,677,750,Node.js,cPanel,0
ZetaBox,7.68,99.96,732,1704,Ruby,cPanel,1
ZetaServers,9.4,99.79,42,655,Ruby,cPanel,1
YourWebsite.com,4.95,99.9,unlimited,unlimited,PHP,cPanel,0
NanoCloud,4.62,99.95,251,1681,Python,SPanel,1
ZetaGrid,6.76,99.84,20,1555,Custom,SPanel,1
OmegaHost,6.38,99.9,907,1015,Ruby,SPanel,0
AlphaServers,5.76,99.97,544,256,Node.js,SPanel,0
ZetaGrid,9.13,99.94,756,327,Ruby,vDeck,0
RackSpace,30.0,99.99,unlimited,unlimited,PHP,Custom,1
MegaNetworks,6.27,99.83,118,1655,PHP,vDeck,1
HyperBox,5.8,99.98,955,1107,Node.js,SPanel,1
TerraBox,4.42,99.82,685,1941,Python,vDeck,1
HyperCloud,9.78,99.99,516,1537,Python,vDeck,0
BetaHost,5.9,99.84,951,534,Node.js,SPanel,1
AlphaServers,6.08,99.9,367,1920,Python,SPanel,0
BetaSolutions,8.69,99.94,356,711,Node.js,SPanel,0
NanoSolutions,6.68,99.76,37,1312,Python,vDeck,1
DeltaGrid,9.12,99.76,407,345,Node.js,hPanel,1
DeltaGrid,2.51,99.83,842,122,Python,vDeck,0
NanoCloud,1.99,99.92,366,1948,Custom,hPanel,1
HyperHost,9.59,99.73,120,615,Custom,hPanel,1
GammaSolutions,1.28,99.97,89,1931,PHP,vDeck,1
DeltaSolutions,3.24,99.87,721,849,Python,SPanel,1
AlphaSolutions,5.79,99.86,605,291,PHP,vDeck,0
NanoBox,1.27,99.76,617,672,Ruby,cPanel,1
AlphaNetworks,7.25,99.94,43,1800,Custom,SPanel,1
OmegaCloud,9.21,99.92,397,1232,Python,hPanel,0
AlphaOnline,6.87,99.89,860,1193,PHP,vDeck,1
TerraServers,5.76,99.84,454,340,Ruby,Custom,0
BetaOnline,4.55,99.7,839,1838,Ruby,SPanel,0
GammaWorld,2.43,99.92,119,1939,Custom,cPanel,0
NanoBox,8.43,99.92,647,1367,PHP,cPanel,0
AlphaBox,3.75,99.72,182,157,Node.js,Custom,1
GammaServers,2.74,99.76,784,1547,Node.js,vDeck,0
DeltaOnline,2.25,99.79,699,756,Node.js,Custom,1
MegaWorld,5.25,99.96,114,1162,Custom,Custom,1
TerraWorld,7.88,99.76,923,1103,Python,hPanel,0
ZetaGrid,9.5,99.71,700,632,PHP,cPanel,1
NanoSolutions,3.99,99.99,751,1180,Node.js,Custom,0
BetaWorld,1.97,99.71,747,1714,Custom,SPanel,1
TerraWeb,6.42,99.84,700,218,Custom,vDeck,0
GammaNetworks,1.74,99.88,914,1982,Ruby,vDeck,1
TerraSolutions,4.93,99.71,368,1940,Ruby,vDeck,0
TerraServers,8.89,99.74,436,389,Node.js,vDeck,1
OmegaCloud,5.97,100.0,57,1391,Python,Custom,1
DeltaGrid,2.52,99.95,433,862,Custom,hPanel,0
TerraSolutions,9.58,99.82,47,1017,Python,Custom,1
ZetaGrid,1.76,99.94,109,493,Ruby,cPanel,0
HyperOnline,7.19,99.76,395,688,Node.js,Custom,1
GammaWeb,8.92,99.77,356,1531,Custom,hPanel,1
OmegaHost,5.61,99.81,898,364,PHP,cPanel,0
NanoBox,8.18,99.96,983,915,Custom,vDeck,0
AlphaGrid,4.43,99.83,839,1575,Ruby,Custom,0
MegaOnline,3.05,99.79,747,1542,Custom,Custom,1
DeltaBox,3.81,99.8,867,1870,Python,SPanel,0
OmegaBox,5.94,99.94,453,900,Python,Custom,0
AlphaBox,7.09,99.76,821,238,Custom,hPanel,1
HyperServers,7.34,99.85,888,1985,Node.js,hPanel,1
DeltaCloud,1.62,99.88,338,630,Ruby,hPanel,0
GammaWeb,5.45,99.85,786,1016,Ruby,cPanel,1
GammaOnline,6.77,99.73,58,733,PHP,vDeck,0
BetaWeb,2.22,99.73,616,993,Python,Custom,1
MegaCloud,6.31,99.72,592,112,Python,cPanel,0
OmegaOnline,8.74,99.93,918,1863,Ruby,Custom,0
BetaWeb,8.47,99.91,277,641,Node.js,vDeck,0
NanoBox,8.53,99.7,929,458,Node.js,Custom,0
AlphaCloud,7.14,99.87,593,1290,Ruby,SPanel,0
NanoNetworks,1.93,99.89,758,769,Python,hPanel,0
TerraWeb,9.48,99.7,434,1112,Ruby,cPanel,0
OmegaCloud,4.43,99.72,876,1511,Ruby,vDeck,0
BetaGrid,3.91,99.98,774,877,Node.js,SPanel,0
MegaHost,4.6,99.99,609,1925,PHP,SPanel,0
ZetaGrid,1.21,99.76,419,959,Custom,vDeck,1
DeltaWorld,4.25,99.84,217,1525,PHP,vDeck,0
MegaCloud,4.96,99.81,419,404,PHP,cPanel,0
ZetaWeb,3.79,99.95,667,1309,Python,Custom,0
DeltaHost,4.37,99.71,460,120,Custom,hPanel,1
ZetaServers,1.58,99.78,483,1209,Node.js,vDeck,1
BetaOnline,7.73,99.83,671,165,PHP,SPanel,1
ZetaGrid,3.46,99.93,903,975,Node.js,Custom,1
MegaWeb,4.88,99.84,205,1510,Node.js,vDeck,0
HyperOnline,5.48,99.76,233,569,Python,hPanel,0
NanoNetworks,6.22,99.84,918,872,Node.js,vDeck,1
OmegaServers,5.75,99.71,804,1557,Ruby,SPanel,1
OmegaOnline,5.73,99.88,791,1353,Node.js,Custom,0
TerraCloud,2.0,99.8,701,1229,Custom,vDeck,0
NanoHost,2.51,99.89,590,958,Python,Custom,0
Google Cloud,5.0,99.99,20,1000,Python,Custom,1
AlphaOnline,9.75,99.99,410,1346,Python,vDeck,0
AlphaOnline,9.06,99.85,925,499,Python,cPanel,0
BetaHost,10.0,99.85,932,1501,PHP,SPanel,1
NanoGrid,9.22,99.75,270,421,PHP,SPanel,0
TerraWorld,4.11,99.87,618,1531,Python,SPanel,1
OmegaBox,8.46,99.81,257,214,PHP,cPanel,0
ZetaSolutions,9.77,99.72,437,419,Ruby,cPanel,0
MegaSolutions,9.1,99.81,128,1705,Custom,Custom,0
DeltaBox,2.89,99.97,408,573,Ruby,SPanel,1
DeltaGrid,1.08,99.93,95,309,Python,Custom,1
AlphaGrid,6.5,99.7,855,1788,Python,SPanel,0
OmegaNetworks,6.26,99.82,239,1539,Ruby,SPanel,1
GammaWorld,4.75,99.88,192,774,Python,vDeck,1
AlphaWorld,9.46,99.94,281,1031,PHP,SPanel,0
OmegaHost,6.53,99.89,294,1297,Python,hPanel,1
MegaServers,1.92,99.92,806,158,Ruby,hPanel,1
GammaBox,7.51,99.82,273,378,Python,Custom,1
BetaGrid,3.5,99.94,336,1767,Python,SPanel,0
OmegaCloud,9.63,99.91,371,1450,Python,cPanel,1
GammaGrid,8.81,99.83,324,234,Python,SPanel,1
AlphaNetworks,7.62,99.82,362,1710,Custom,hPanel,1
OmegaOnline,8.05,99.91,514,992,PHP,SPanel,0
ZetaWeb,9.1,99.9,277,220,PHP,SPanel,1
BetaNetworks,7.72,99.74,515,1244,PHP,cPanel,0
TerraBox,1.77,99.92,415,1218,Python,SPanel,1
NanoHost,1.17,99.98,936,487,PHP,cPanel,0
NanoWorld,6.21,99.81,411,1639,Ruby,hPanel,1
NanoHost,3.45,99.91,408,619,Node.js,Custom,0
OmegaOnline,5.81,99.91,251,168,Node.js,hPanel,1
GammaWeb,4.01,99.91,884,1865,Custom,vDeck,0
GammaServers,9.0,99.99,876,1095,Custom,vDeck,0
NanoWorld,8.47,99.95,858,264,Node.js,vDeck,0
NanoServers,9.91,99.79,888,128,Node.js,SPanel,0
TerraHost,9.47,99.75,674,802,Ruby,SPanel,1
GammaOnline,7.18,99.82,338,472,Node.js,SPanel,0
HyperWeb,4.37,99.86,526,1172,Node.js,hPanel,0
AlphaGrid,9.18,99.81,483,99,Python,Custom,1
DeltaCloud,3.51,99.81,743,1729,Ruby,SPanel,0
DeltaNetworks,4.87,99.82,394,205,Custom,Custom,1
GammaSolutions,1.97,99.98,423,440,Python,SPanel,0
AlphaSolutions,2.8,99.76,554,1019,Node.js,Custom,1
BetaOnline,7.64,99.76,407,844,Node.js,Custom,1
NanoNetworks,8.48,99.82,615,1876,Custom,cPanel,0
ZetaNetworks,7.96,99.72,979,1351,Ruby,vDeck,0
DeltaNetworks,8.83,99.84,365,1535,PHP,cPanel,0
GammaSolutions,3.35,99.81,126,113,Ruby,Custom,1
AlphaNetworks,8.62,99.89,316,1655,Ruby,vDeck,1
DeltaGrid,4.57,99.87,581,697,PHP,Custom,1
BetaWorld,1.85,99.79,75,974,Python,hPanel,1
HyperServers,3.68,99.91,629,140,Custom,vDeck,1
GammaWeb,8.58,99.96,357,565,Custom,vDeck,1
DeltaServers,9.74,99.81,575,1893,Python,vDeck,1
TerraHost,2.84,99.71,978,1216,PHP,Custom,0
TerraCloud,6.63,99.85,467,1490,Node.js,Custom,0
HyperOnline,9.28,99.96,148,1667,Node.js,SPanel,1
AlphaNetworks,1.54,99.97,164,329,Ruby,hPanel,1
OmegaServers,2.22,99.95,434,257,Ruby,cPanel,1
OmegaGrid,4.13,99.81,611,1513,Ruby,Custom,0
OmegaWorld,3.79,99.95,567,85,Custom,SPanel,0
ZetaCloud,9.88,99.94,336,1220,Node.js,hPanel,0
NanoNetworks,9.22,99.78,659,543,PHP,SPanel,0
MegaServers,2.08,99.94,76,1518,Python,vDeck,0
OmegaBox,8.77,99.85,648,1158,Node.js,hPanel,0
DeltaWorld,7.74,99.81,365,401,Custom,Custom,0
GammaOnline,9.28,99.74,171,973,Node.js,vDeck,1
AlphaWorld,7.93,99.97,418,1182,Custom,Custom,0
HyperOnline,8.79,99.76,32,886,Python,cPanel,0
OmegaOnline,1.46,99.8,522,1565,Ruby,vDeck,1
TerraHost,8.45,99.99,268,1777,Ruby,vDeck,1
HyperGrid,7.25,99.77,448,322,Custom,Custom,0
BetaSolutions,8.77,99.7,899,1224,Python,vDeck,1
BetaServers,6.33,99.85,717,1192,Custom,Custom,1
ZetaBox,2.3,99.76,699,502,PHP,hPanel,1
HyperOnline,2.59,99.91,880,128,Node.js,SPanel,0
BetaWorld,8.88,99.79,714,769,Python,hPanel,1
GammaWeb,1.04,99.89,408,1122,Custom,cPanel,1
MegaOnline,2.26,99.77,945,462,Node.js,hPanel,1
NanoSolutions,4.14,99.76,391,1383,Node.js,vDeck,0
OmegaCloud,7.9,99.94,351,716,PHP,vDeck,0
OmegaWorld,3.36,99.75,232,635,Ruby,cPanel,1
BetaServers,2.14,99.98,203,1192,Ruby,cPanel,0
NanoServers,3.87,99.98,312,1660,PHP,Custom,1
ZetaOnline,3.13,99.94,207,1859,Node.js,hPanel,0
TerraServers,8.5,99.74,305,419,Python,Custom,0
MegaWeb,5.57,99.93,149,92,PHP,hPanel,0
OmegaServers,4.01,99.73,848,253,PHP,Custom,0
DeltaOnline,4.7,99.72,706,794,Python,vDeck,1
ZetaNetworks,7.79,99.92,384,313,Python,vDeck,0
HyperWorld,9.35,99.92,334,683,Custom,vDeck,1
BetaWorld,1.56,99.8,317,1471,Python,hPanel,0
AlphaWeb,2.89,99.9,322,1995,Python,cPanel,1
NanoWeb,2.23,99.83,144,1066,Node.js,SPanel,0
ZetaWeb,9.94,99.83,742,226,Custom,vDeck,0
TerraHost,6.21,99.97,588,1503,Ruby,vDeck,0
MegaCloud,9.49,99.76,630,1025,Python,Custom,1
DeltaCloud,8.31,99.89,191,537,PHP,SPanel,0
ZetaHost,3.22,99.83,970,932,PHP,SPanel,0
BetaServers,3.17,99.97,696,1708,PHP,SPanel,1
MegaNetworks,3.83,99.92,952,588,PHP,SPanel,1
ZetaServers,6.02,99.85,221,596,Python,vDeck,0
MegaOnline,9.59,99.82,918,682,Node.js,SPanel,1
ZetaOnline,5.29,99.89,488,481,Node.js,Custom,1
DeltaOnline,4.56,99.92,247,1522,Node.js,SPanel,1
TerraNetworks,6.52,99.81,500,392,Ruby,vDeck,1
MegaCloud,5.98,99.71,582,155,PHP,Custom,0
ZetaWorld,2.63,99.93,166,1880,Custom,vDeck,1
GammaServers,3.49,100.0,862,569,Custom,cPanel,1
DeltaNetworks,3.49,99.86,886,1119,Custom,SPanel,1
GammaWeb,8.64,99.98,359,1691,PHP,vDeck,0
ZetaNetworks,2.6,99.88,490,1046,PHP,vDeck,0
BetaOnline,2.26,99.85,915,1991,Python,cPanel,1
NanoSolutions,8.64,99.88,615,750,Custom,vDeck,0
DeltaSolutions,8.49,99.97,244,860,Python,SPanel,1
TerraGrid,5.66,99.96,455,961,Ruby,vDeck,1
NanoNetworks,2.49,99.8,798,1085,PHP,hPanel,1
AlphaNetworks,9.78,99.97,14,605,Node.js,vDeck,0
BetaWorld,8.48,99.74,104,1507,Node.js,vDeck,0
HyperGrid,7.82,99.77,362,549,Node.js,SPanel,1
TerraGrid,9.2,99.98,289,390,Ruby,hPanel,0
HyperHost,3.14,99.89,714,403,Python,Custom,0
DeltaCloud,8.73,99.97,895,693,Python,hPanel,1
NanoNetworks,4.65,100.0,553,1660,Ruby,Custom,0
ZetaOnline,7.29,99.73,442,1642,Ruby,hPanel,1
DeltaServers,5.52,99.87,450,383,Ruby,vDeck,0
NanoBox,1.28,99.75,573,315,Custom,hPanel,1
TerraBox,8.78,99.96,617,1187,Node.js,cPanel,0
BetaGrid,5.53,99.91,133,1853,PHP,cPanel,1
OmegaWorld,2.64,99.86,531,1928,Ruby,hPanel,1
GammaWorld,7.28,99.8,654,541,Python,cPanel,1
GammaCloud,9.83,99.73,757,942,Ruby,cPanel,0
BetaCloud,8.87,99.99,834,934,PHP,hPanel,0
DeltaBox,3.62,99.82,666,61,Ruby,Custom,1
HyperGrid,8.63,99.87,119,1350,Custom,SPanel,1
GammaGrid,2.89,99.82,47,359,Custom,vDeck,0
HyperOnline,4.38,99.72,540,169,Custom,Custom,1
NanoWorld,3.92,99.75,235,109,Python,cPanel,1
BetaServers,5.46,99.74,308,651,Node.js,vDeck,0
TerraHost,7.02,99.78,73,1123,Node.js,hPanel,1
OmegaOnline,4.65,99.83,781,1922,Python,Custom,0
NanoSolutions,8.79,99.85,929,325,Ruby,hPanel,1
ZetaBox,7.09,99.79,742,1967,Custom,cPanel,0
HyperSolutions,4.11,99.97,522,902,Python,Custom,1
ZetaCloud,1.36,99.83,683,1512,PHP,Custom,1
OmegaWorld,3.64,99.93,877,1363,Custom,Custom,1
AlphaHost,2.24,99.96,721,1108,PHP,Custom,0
BetaGrid,1.59,99.97,584,642,Custom,vDeck,0
HyperWeb,3.3,99.89,988,625,Node.js,SPanel,1
GammaCloud,2.59,99.88,502,1750,PHP,SPanel,0
GammaHost,2.05,99.92,816,1061,PHP,cPanel,1
OmegaWorld,6.83,99.75,91,1487,Node.js,hPanel,0
AlphaGrid,3.44,99.96,77,222,Ruby,cPanel,0
ZetaNetworks,1.76,99.76,788,1598,Node.js,vDeck,1
AlphaWorld,7.29,99.97,565,205,PHP,cPanel,0
NanoHost,5.15,99.82,830,1650,Node.js,hPanel,1
BetaOnline,7.29,99.82,170,1228,Node.js,cPanel,0
TerraBox,1.4,99.71,995,932,Ruby,hPanel,0
HyperGrid,5.41,99.87,586,1554,Custom,vDeck,1
OmegaCloud,1.11,99.93,508,707,Node.js,Custom,1
PowWeb,3.96,99.9,unlimited,unlimited,PHP,vDeck,0
AlphaSolutions,2.02,99.82,763,1657,Python,cPanel,0
AlphaWorld,9.25,99.77,836,1814,Custom,vDeck,0
MegaWeb,3.26,99.92,825,450,Custom,cPanel,0
BetaOnline,6.42,99.81,72,418,Python,cPanel,1
BetaWeb,1.35,99.99,58,556,PHP,cPanel,1
MegaWorld,6.82,99.76,195,1817,Ruby,vDeck,0
GammaOnline,2.43,99.77,624,1131,Ruby,hPanel,0
BetaSolutions,3.37,99.99,200,1650,Python,cPanel,1
BetaSolutions,2.96,99.8,810,717,Ruby,Custom,1
DeltaWeb,4.31,99.77,652,1317,Ruby,hPanel,0
ZetaWeb,3.82,99.72,122,234,Node.js,hPanel,1
MegaServers,3.23,99.88,912,1685,Ruby,SPanel,0
GammaBox,4.31,99.79,585,859,Ruby,vDeck,1
GammaWorld,1.03,99.75,989,1303,Ruby,SPanel,1
DeltaOnline,5.95,99.91,366,1253,Custom,SPanel,1
MegaBox,5.14,99.86,887,1383,Node.js,Custom,0
DeltaOnline,3.83,99.92,427,876,Custom,SPanel,1
NanoCloud,9.73,99.81,468,791,PHP,hPanel,1
ZetaHost,8.18,99.9,975,499,Node.js,hPanel,1
TerraWeb,6.0,99.98,989,387,Ruby,cPanel,1
OmegaGrid,6.54,99.83,345,1490,Python,vDeck,1
NanoHost,4.22,99.76,386,1680,Custom,SPanel,0
TerraWeb,9.52,99.72,826,1851,Custom,SPanel,0
DeltaBox,7.15,99.78,645,1518,PHP,cPanel,0
HyperHost,1.05,99.86,34,105,Custom,cPanel,0
TerraWeb,8.11,99.8,415,1183,Node.js,vDeck,1
BetaCloud,9.62,99.77,418,1313,Node.js,cPanel,1
GammaOnline,4.0,99.9,96,1848,PHP,vDeck,1
AlphaWeb,9.59,99.81,848,1404,Python,SPanel,1
BetaNetworks,2.4,99.73,975,505,Custom,SPanel,0
AlphaGrid,5.54,99.78,578,697,PHP,Custom,1
MegaNetworks,1.82,99.76,455,200,Ruby,SPanel,1
DeltaCloud,7.27,99.87,910,1623,PHP,vDeck,0
GammaServers,3.72,99.91,965,1827,PHP,vDeck,0
HyperCloud,6.05,99.76,739,870,Ruby,hPanel,0
BetaOnline,2.15,99.83,492,813,Ruby,vDeck,0
DeltaHost,1.34,99.96,939,340,PHP,hPanel,0
GammaSolutions,4.41,99.84,581,387,PHP,Custom,1
AlphaGrid,5.44,99.73,458,1248,Ruby,hPanel,1
AlphaBox,9.33,99.88,658,858,Node.js,cPanel,1
BetaSolutions,1.25,99.75,694,1286,Python,hPanel,1
BetaNetworks,5.32,99.97,137,1986,Python,SPanel,1
AlphaGrid,2.37,99.74,984,1830,PHP,hPanel,0
MegaWorld,4.82,99.79,698,1293,Ruby,hPanel,0
OmegaWorld,1.09,99.83,990,1024,Ruby,SPanel,1
NanoBox,3.71,100.0,417,1966,Node.js,SPanel,0
OmegaSolutions,7.78,99.83,995,226,Python,vDeck,0
BetaWorld,6.12,99.93,31,533,Python,hPanel,0
ZetaNetworks,2.26,99.88,261,1913,PHP,hPanel,1
Heroku,7.0,99.95,unlimited,unlimited,Ruby,Custom,1
TerraNetworks,6.18,99.97,633,1730,Python,Custom,0
GammaOnline,1.68,99.96,137,299,Custom,Custom,1
BetaOnline,5.16,99.73,344,1154,Node.js,Custom,1
DeltaBox,9.39,99.95,794,370,Custom,cPanel,1
BetaWeb,8.67,99.76,318,1639,Node.js,Custom,1
AlphaSolutions,3.41,99.88,76,271,Python,SPanel,0
HyperGrid,3.1,99.79,62,1229,Ruby,vDeck,0
BetaHost,1.54,99.92,820,1287,PHP,vDeck,0
ZetaOnline,8.93,99.81,220,1467,Custom,SPanel,1
HyperWeb,9.49,99.88,450,415,Ruby,vDeck,1
NanoServers,7.41,99.85,764,557,PHP,Custom,1
NanoCloud,5.32,99.7,897,619,PHP,vDeck,0
AlphaGrid,4.6,99.79,807,584,Node.js,SPanel,0
NanoNetworks,3.77,99.82,539,830,Ruby,SPanel,1
BetaWorld,6.09,99.75,897,1968,Python,cPanel,0
GammaCloud,3.58,99.8,972,1005,Python,vDeck,0
DeltaServers,7.49,99.94,247,881,Node.js,hPanel,1
DeltaHost,2.59,99.81,376,1709,Ruby,SPanel,0
OmegaGrid,9.97,99.75,443,1600,Node.js,Custom,0
NanoSolutions,8.7,99.9,192,1912,Node.js,SPanel,1
MegaOnline,5.11,99.74,522,159,PHP,hPanel,0
OmegaOnline,1.92,99.83,838,1601,Ruby,Custom,1
DeltaGrid,5.97,99.95,497,722,Python,vDeck,0
NanoBox,3.09,99.94,446,1832,Custom,cPanel,0
OmegaCloud,2.56,99.71,129,747,Node.js,cPanel,1
ZetaServers,2.93,99.77,287,1802,Node.js,cPanel,1
OmegaHost,9.66,99.94,817,165,Custom,Custom,1
MegaWeb,7.0,99.76,144,1534,Ruby,vDeck,0
BetaNetworks,7.18,99.85,279,1275,Python,Custom,1
NanoWorld,6.06,99.82,148,1861,Node.js,hPanel,0
DeltaWorld,2.68,99.78,69,1764,Python,hPanel,1
OmegaWorld,5.5,99.73,652,124,Ruby,SPanel,0
GammaSolutions,2.09,99.96,186,1729,Python,hPanel,1
DeltaSolutions,6.92,99.96,518,1738,Node.js,Custom,0
MegaSolutions,5.23,99.75,764,96,Python,SPanel,1
AlphaNetworks,9.84,99.78,435,1947,Ruby,cPanel,0
NanoBox,4.52,99.74,97,250,Python,vDeck,0
ZetaNetworks,5.05,99.89,636,614,PHP,cPanel,0
HyperSolutions,6.69,99.93,260,1126,Ruby,cPanel,0
BetaSolutions,8.73,99.96,530,909,PHP,Custom,0
OmegaWeb,6.92,99.74,994,1182,PHP,hPanel,1
HyperWeb,6.88,99.87,37,1545,Custom,Custom,1
AlphaOnline,3.6,99.79,605,1396,Python,Custom,0
GammaCloud,7.24,99.79,974,979,Python,cPanel,1
MegaWeb,2.25,99.84,618,506,Python,cPanel,0
ZetaWorld,3.31,99.86,402,1833,Custom,vDeck,0
GammaWorld,4.83,99.83,496,1557,Python,vDeck,1
HyperNetworks,6.87,99.95,795,1520,Node.js,Custom,1
MegaNetworks,3.57,100.0,601,1743,PHP,SPanel,1
GammaServers,9.04,99.75,437,436,Ruby,SPanel,0
AlphaHost,1.84,99.72,449,1746,Python,Custom,1
HyperHost,2.73,99.78,474,1058,PHP,SPanel,1
MegaWorld,9.13,99.92,53,1471,Python,Custom,0
MegaServers,6.41,99.94,383,793,Custom,Custom,0
OmegaServers,6.75,99.81,279,871,Python,hPanel,1
HyperWeb,3.91,99.96,469,51,Node.js,Custom,1
TerraWorld,1.33,99.83,759,1947,Python,hPanel,1
ZetaBox,6.72,99.83,172,1003,Custom,cPanel,0
DeltaGrid,5.42,99.73,836,1443,Custom,hPanel,1
MegaSolutions,1.95,99.71,316,426,Python,SPanel,0
MegaCloud,3.14,99.83,470,485,Node.js,cPanel,1
DeltaWorld,5.79,99.91,291,143,Custom,vDeck,1
OmegaWorld,3.5,99.83,928,1126,Python,cPanel,1
DeltaWorld,2.73,99.71,513,1446,Custom,SPanel,0
ZetaServers,6.39,99.83,884,963,Custom,vDeck,0
ZetaSolutions,9.51,99.72,502,840,Node.js,vDeck,0
OmegaGrid,6.49,99.9,264,207,Node.js,cPanel,0
GammaSolutions,8.52,99.77,422,1584,PHP,Custom,1
TerraGrid,9.51,99.87,997,1427,PHP,Custom,0
AlphaWeb,5.79,99.96,912,483,Node.js,vDeck,0
GammaOnline,5.79,99.79,789,293,PHP,cPanel,1
OmegaHost,7.52,99.88,420,589,PHP,Custom,1
TerraSolutions,2.32,99.77,760,732,Ruby,hPanel,0
GammaGrid,3.38,99.94,338,1649,Python,hPanel,1
BetaBox,2.39,99.71,15,238,Custom,hPanel,1
MegaCloud,6.83,99.95,540,435,Node.js,cPanel,1
OmegaNetworks,4.66,99.88,58,160,Node.js,Custom,0
AlphaGrid,4.17,99.89,156,667,Custom,hPanel,0
HyperNetworks,1.24,99.79,672,1373,Python,hPanel,1
NanoWorld,4.14,99.8,606,1277,Ruby,vDeck,0
NanoSolutions,5.0,99.72,270,128,Ruby,Custom,1
BetaSolutions,6.88,99.74,602,303,Custom,cPanel,1
ZetaCloud,1.46,99.84,271,1330,Ruby,cPanel,0
NanoBox,6.04,99.84,683,1818,Ruby,cPanel,0
DeltaOnline,3.99,99.76,461,353,PHP,Custom,0
MegaSolutions,8.61,99.8,60,1902,Python,hPanel,0
DeltaWeb,9.98,99.83,763,1316,Ruby,vDeck,0
HyperWeb,2.25,99.94,593,545,Node.js,hPanel,0
DeltaGrid,6.67,99.84,617,1098,Python,SPanel,0
AlphaWorld,5.19,99.89,182,1066,Node.js,cPanel,1
OmegaCloud,3.82,99.71,854,719,Node.js,SPanel,0
DeltaCloud,1.25,99.77,824,1630,Ruby,vDeck,1
MegaSolutions,2.03,99.71,155,1531,Ruby,vDeck,0
ZetaSolutions,4.16,99.82,537,667,Node.js,cPanel,1
AlphaGrid,7.79,99.89,563,1952,PHP,Custom,0
BetaGrid,6.22,99.76,187,1857,Node.js,cPanel,0
TerraCloud,1.95,99.83,606,583,Python,Custom,1
ZetaCloud,1.96,99.9,832,221,Node.js,cPanel,1
HyperWorld,6.01,99.74,496,1518,Node.js,cPanel,1
GammaHost,2.22,99.92,547,887,Custom,cPanel,1
OmegaNetworks,7.6,99.76,225,481,Node.js,SPanel,0
DeltaHost,9.36,99.82,186,1037,Ruby,hPanel,0
HyperCloud,8.1,99.88,191,1120,Node.js,Custom,1
ZetaServers,8.11,99.83,386,293,Ruby,Custom,0
HyperGrid,1.12,99.9,554,608,PHP,cPanel,0
TerraNetworks,7.88,99.83,262,1787,Custom,SPanel,1
AlphaCloud,1.41,99.95,590,531,Custom,hPanel,0
GammaCloud,3.61,99.72,318,885,Node.js,cPanel,1
HyperSolutions,2.51,99.99,667,660,Ruby,Custom,1
AlphaOnline,8.71,99.89,380,250,Custom,cPanel,0
ZetaHost,9.14,99.76,833,295,PHP,cPanel,1
BetaNetworks,9.96,99.85,863,1506,PHP,vDeck,1
BetaServers,9.06,99.93,853,1113,Node.js,vDeck,0
MegaOnline,7.86,99.88,843,95,Ruby,Custom,1
AlphaBox,3.37,99.82,430,802,Ruby,SPanel,1
OmegaHost,4.61,99.93,169,170,PHP,hPanel,0
NanoWeb,7.63,99.78,276,1815,Custom,vDeck,1
GammaGrid,1.87,99.98,651,63,Python,SPanel,0
DeltaOnline,4.42,99.77,321,1584,PHP,cPanel,1
AlphaHost,5.09,99.7,419,746,Python,hPanel,0
AlphaWeb,2.18,99.89,102,412,Custom,cPanel,1
HyperBox,7.47,99.98,732,355,Node.js,SPanel,0
GammaHost,9.27,99.96,982,1011,Custom,Custom,1
ZetaWorld,2.49,99.77,679,99,Node.js,Custom,0
NanoOnline,3.85,99.74,914,801,Node.js,hPanel,0
OmegaBox,8.39,99.92,232,1639,Ruby,SPanel,0
GammaOnline,2.88,99.99,514,112,PHP,cPanel,0
TerraOnline,4.76,99.82,244,708,Node.js,vDeck,0
BetaSolutions,7.74,99.83,392,264,Node.js,cPanel,0
HyperGrid,9.27,99.93,833,682,PHP,SPanel,1
TerraOnline,5.09,99.92,12,1204,Ruby,Custom,1
NanoGrid,2.49,99.83,602,62,Custom,vDeck,0
TerraCloud,9.88,99.97,188,142,Custom,SPanel,1
ZetaServers,5.29,99.97,814,1104,Node.js,Custom,0
ZetaNetworks,1.55,99.84,251,866,PHP,hPanel,0
TerraBox,6.29,99.87,795,1676,PHP,Custom,1
DeltaGrid,4.47,99.87,720,1252,Node.js,cPanel,0
ZetaBox,8.09,99.98,472,691,Node.js,SPanel,0
TerraServers,7.85,99.95,417,1696,Ruby,hPanel,1
BetaSolutions,2.5,99.75,125,414,Ruby,SPanel,1
TerraCloud,5.13,99.73,33,852,Ruby,hPanel,0
DeltaNetworks,4.9,99.98,344,555,Python,hPanel,1
MegaCloud,7.41,99.9,924,1615,Python,hPanel,0
BetaWeb,4.56,99.72,783,1728,Python,hPanel,1
TerraOnline,8.52,99.81,898,109,Custom,hPanel,0
DeltaGrid,4.61,99.97,126,1033,Node.js,cPanel,1
TerraWorld,1.67,99.72,366,1750,PHP,hPanel,0
NanoNetworks,7.15,99.81,602,723,Python,SPanel,0
ZetaWeb,9.68,99.88,362,1263,Custom,SPanel,0
DeltaNetworks,7.6,99.8,584,1046,Node.js,cPanel,1
MegaSolutions,3.46,99.95,782,280,PHP,vDeck,1
AlphaHost,2.41,99.77,460,1683,Custom,Custom,1
NanoCloud,8.43,99.89,972,1912,Custom,hPanel,0
ZetaOnline,4.65,99.8,938,1935,Node.js,Custom,1
TerraHost,9.19,99.88,763,1384,Ruby,cPanel,1
DeltaWeb,7.79,99.7,325,1082,Custom,Custom,1
HyperWorld,1.59,99.72,192,1370,Ruby,cPanel,0
OmegaNetworks,4.32,99.99,251,620,PHP,SPanel,0
TerraNetworks,3.14,99.91,951,195,Node.js,SPanel,0
MegaSolutions,4.56,99.72,913,402,Custom,SPanel,0
ZetaNetworks,2.77,99.72,803,529,Ruby,hPanel,1
NanoBox,1.81,99.8,266,666,PHP,SPanel,1
GammaServers,4.51,99.71,748,86,PHP,hPanel,0
AlphaSolutions,3.32,99.72,294,963,PHP,cPanel,0
GammaGrid,8.37,99.81,301,134,Ruby,hPanel,1
AlphaWeb,6.99,99.94,323,1458,Ruby,SPanel,1
DeltaSolutions,6.55,99.86,376,330,Python,vDeck,0
MegaSolutions,3.42,99.74,173,478,PHP,vDeck,1
AlphaWorld,2.8,99.7,954,858,PHP,Custom,0
ZetaWeb,9.43,99.77,249,805,PHP,cPanel,1
BetaBox,3.53,99.99,35,984,Python,cPanel,1
ZetaGrid,3.09,99.93,387,1946,Ruby,SPanel,0
NanoWeb,7.67,99.81,245,1297,PHP,vDeck,1
NanoNetworks,5.79,99.72,192,1675,Ruby,Custom,0
NanoServers,5.82,99.72,430,1628,PHP,SPanel,1
NanoWeb,9.25,99.72,304,1854,Ruby,cPanel,1
DeltaHost,5.86,99.87,314,567,Node.js,Custom,0
TerraCloud,4.95,99.92,762,89,PHP,hPanel,0
GammaNetworks,5.74,99.97,23,913,Node.js,hPanel,0
BetaWeb,9.72,99.77,748,1301,PHP,SPanel,1
MegaWeb,2.02,99.71,815,349,Custom,Custom,0
ZetaCloud,6.74,99.95,977,1553,PHP,cPanel,1
TerraOnline,2.16,99.81,922,305,Custom,SPanel,0
ZetaGrid,5.1,99.93,823,653,Custom,cPanel,0
TerraOnline,8.24,99.73,517,735,Custom,hPanel,1
MegaGrid,7.71,99.86,223,1894,Custom,vDeck,1
OmegaBox,5.58,99.92,375,1386,PHP,vDeck,1
ZetaOnline,4.22,99.92,658,425,Node.js,cPanel,1
NanoNetworks,5.77,99.95,885,1600,Python,Custom,1
ZetaSolutions,5.89,99.84,452,183,Node.js,cPanel,1
HyperNetworks,7.75,99.71,764,591,Custom,cPanel,0
HyperGrid,9.75,99.82,592,638,PHP,cPanel,0
HyperCloud,2.73,99.91,32,1230,Ruby,SPanel,0
GammaWorld,2.19,99.97,91,679,PHP,hPanel,0
NanoOnline,4.12,99.81,42,1472,Node.js,cPanel,1
TerraBox,2.25,99.84,506,1224,Custom,SPanel,1
DeltaWeb,1.06,99.83,541,147,Custom,SPanel,0
DeltaServers,9.36,99.85,270,191,Custom,cPanel,0
DeltaServers,6.21,99.76,90,1276,Node.js,vDeck,1
AlphaServers,5.39,99.77,814,1874,Custom,Custom,1
HyperGrid,4.68,99.81,407,1181,PHP,hPanel,0
BetaHost,4.64,99.77,60,1078,Custom,SPanel,1
NanoNetworks,4.78,99.95,199,1225,Node.js,vDeck,0
MegaWeb,2.76,99.96,514,1228,PHP,Custom,0
TerraWorld,7.71,99.75,137,1985,Custom,Custom,0
AlphaGrid,5.22,99.77,877,1559,Ruby,Custom,1
TerraOnline,3.85,99.93,20,1078,Ruby,vDeck,1
TerraGrid,4.31,99.87,442,359,PHP,Custom,1
NanoGrid,5.61,100.0,763,678,Node.js,hPanel,1
OmegaGrid,6.64,99.74,245,266,Custom,Custom,1
NanoGrid,6.72,99.89,782,813,Ruby,vDeck,0
OmegaHost,5.07,99.87,778,1446,Ruby,SPanel,0
ZetaSolutions,3.39,99.76,481,167,Custom,cPanel,0
NanoServers,5.12,99.72,726,874,Python,hPanel,0
GammaServers,5.92,99.93,897,367,Custom,cPanel,0
AlphaGrid,4.14,99.89,629,1551,Node.js,vDeck,1
AlphaBox,4.69,99.7,86,1893,Python,cPanel,1
GammaWeb,2.95,99.77,541,1835,Node.js,SPanel,0
OmegaHost,6.49,99.9,855,817,Python,SPanel,0
HyperSolutions,5.3,99.9,673,597,Node.js,vDeck,1
NanoBox,7.77,99.81,706,661,Node.js,hPanel,0
BetaWorld,6.29,99.99,607,782,Python,Custom,0
AlphaSolutions,5.02,99.97,349,1903,Custom,vDeck,0
BetaGrid,2.34,99.92,63,155,PHP,vDeck,1
BetaCloud,9.3,99.75,668,799,PHP,SPanel,1
HostPapa,3.95,99.9,100,unlimited,PHP,cPanel,1
MegaServers,5.92,99.8,182,1940,Python,SPanel,0
OmegaGrid,3.47,99.91,656,445,Ruby,cPanel,1
NanoHost,1.5,99.83,237,1589,Python,vDeck,1
NanoHost,5.01,99.84,125,813,Ruby,hPanel,0
HyperSolutions,2.75,99.75,213,1141,Python,hPanel,0
AlphaBox,6.57,99.98,616,1971,Node.js,cPanel,1
OmegaGrid,6.38,99.77,277,765,Python,Custom,1
ZetaSolutions,7.22,99.91,887,123,Node.js,vDeck,1
NanoCloud,1.13,99.91,313,967,Node.js,vDeck,0
OmegaServers,5.96,99.98,538,1681,Python,SPanel,0
HyperWeb,2.54,99.84,675,1417,Node.js,vDeck,0
ZetaWorld,3.57,99.99,420,1350,Ruby,vDeck,0
MegaBox,6.64,99.75,905,273,PHP,SPanel,1
MegaWeb,6.18,99.89,177,209,Ruby,SPanel,1
DeltaNetworks,2.36,99.71,614,63,Ruby,vDeck,1
TerraGrid,7.89,99.95,969,1813,Python,vDeck,0
ZetaNetworks,4.51,99.81,82,271,Ruby,cPanel,0
MegaNetworks,7.32,99.88,18,477,Python,SPanel,0
ZetaHost,4.8,99.97,521,1822,Ruby,cPanel,1
AlphaCloud,8.92,99.88,634,987,Custom,cPanel,0
DeltaBox,9.3,99.96,600,133,Python,hPanel,0
TerraNetworks,2.06,99.9,695,1505,Node.js,hPanel,0
MegaNetworks,6.29,99.92,138,1753,PHP,hPanel,0
MegaBox,9.79,100.0,120,654,Node.js,cPanel,1
OmegaOnline,4.29,99.79,346,1860,PHP,vDeck,0
BetaSolutions,4.04,99.92,407,722,Custom,hPanel,0
BetaBox,6.02,99.71,850,1290,PHP,SPanel,1
ZetaCloud,7.29,99.8,954,842,Custom,Custom,1
MegaWorld,6.49,99.82,339,1828,Node.js,cPanel,0
BetaOnline,6.85,99.93,871,102,Node.js,vDeck,0
NanoNetworks,2.36,99.89,22,1253,Python,vDeck,1
DeltaGrid,8.28,99.7,160,1060,Ruby,SPanel,1
NanoCloud,7.08,99.72,260,1017,PHP,SPanel,0
NanoBox,6.21,99.72,925,270,Ruby,SPanel,0
ZetaCloud,7.84,99.94,785,399,Ruby,vDeck,0
HyperBox,5.39,99.9,821,562,Python,SPanel,0
NanoWorld,8.31,99.72,729,1122,Node.js,Custom,1
GammaGrid,6.83,99.88,688,1672,Custom,cPanel,1
GammaGrid,7.99,99.88,804,492,Custom,SPanel,1
GammaSolutions,4.88,99.73,784,1629,Node.js,Custom,0
OmegaSolutions,4.69,99.96,962,1298,Ruby,hPanel,0
DeltaNetworks,1.61,99.77,120,1817,Ruby,cPanel,1
BetaNetworks,5.14,99.8,585,908,Node.js,hPanel,1
ZetaGrid,5.68,99.97,378,1640,Node.js,vDeck,1
OmegaWorld,5.69,99.77,339,272,Ruby,vDeck,1
HyperGrid,4.83,99.79,946,1490,Python,SPanel,0
BetaBox,8.99,99.8,785,766,Python,cPanel,0
TerraWeb,7.56,99.8,988,1085,Custom,cPanel,0
AlphaNetworks,2.07,99.89,154,740,PHP,vDeck,0
HyperWeb,8.87,99.79,51,482,Ruby,vDeck,1
TerraBox,1.39,99.86,308,1043,PHP,SPanel,1
ZetaSolutions,2.87,99.79,648,1450,Custom,Custom,1
AlphaWorld,8.81,99.72,602,60,Python,SPanel,1
OmegaWorld,1.77,99.9,679,384,Node.js,Custom,0
OmegaServers,6.38,99.75,323,1498,Ruby,cPanel,0
MegaSolutions,3.9,99.74,87,1909,Ruby,vDeck,0
MegaBox,9.69,99.79,675,525,Node.js,cPanel,0
NanoCloud,7.85,99.84,863,1008,PHP,SPanel,0
ZetaNetworks,8.52,99.95,598,1506,Node.js,vDeck,0
AlphaCloud,5.08,99.89,157,1495,Custom,cPanel,1
NanoBox,2.41,99.9,947,788,PHP,cPanel,1
AlphaWorld,2.96,99.97,876,84,PHP,cPanel,1
OmegaServers,6.86,99.75,794,652,Custom,SPanel,1
AlphaWorld,3.68,99.77,605,279,Node.js,hPanel,1
NanoWeb,5.08,99.95,834,137,Ruby,Custom,1
NanoWeb,3.18,99.84,872,423,PHP,cPanel,0
MegaHost,3.38,99.82,313,1383,Custom,SPanel,0
BetaOnline,1.92,99.7,377,77,Custom,Custom,1
TerraWorld,9.96,99.77,610,1328,Custom,SPanel,0
DeltaWorld,4.58,99.91,27,1871,Python,cPanel,1
TerraNetworks,8.47,99.93,63,796,Custom,SPanel,0
AlphaNetworks,9.54,99.97,327,1534,Custom,SPanel,1
NanoServers,6.47,99.95,257,1694,PHP,hPanel,0
GammaNetworks,5.16,99.75,558,456,Custom,SPanel,0
AlphaSolutions,3.08,99.82,636,910,Python,vDeck,0
TerraSolutions,4.85,99.78,400,742,Node.js,vDeck,1
BetaNetworks,1.63,99.99,781,169,Python,Custom,0
OmegaServers,3.15,99.92,584,989,Node.js,SPanel,1
GammaServers,2.87,99.85,128,803,Python,hPanel,1
GammaSolutions,3.44,99.95,417,218,Node.js,hPanel,0
TerraGrid,2.19,99.85,541,489,PHP,vDeck,1
MegaServers,2.4,99.79,945,1098,Node.js,hPanel,0
AlphaServers,8.45,99.86,954,567,PHP,vDeck,1
DeltaServers,5.27,99.86,316,738,Python,cPanel,0
GammaServers,9.67,99.99,152,84,Ruby,vDeck,1
ZetaOnline,4.45,99.94,840,1674,Ruby,hPanel,0
NanoWeb,9.13,99.95,672,1071,PHP,cPanel,1
AlphaServers,3.25,99.75,555,477,Node.js,hPanel,0
ZetaServers,5.19,99.78,157,1859,Node.js,Custom,1
NanoHost,3.83,99.75,318,1690,PHP,hPanel,1
NanoServers,6.85,99.7,302,586,Ruby,SPanel,0
AlphaBox,1.4,99.83,760,1224,Python,Custom,0
ZetaServers,4.87,99.81,79,1217,Ruby,vDeck,0
AlphaSolutions,3.19,99.98,850,1504,Python,vDeck,1
TerraWeb,7.88,99.88,510,1331,Custom,Custom,1
OmegaCloud,4.81,99.91,66,477,PHP,SPanel,1
AlphaWorld,1.06,99.76,471,1109,Ruby,hPanel,0
NanoNetworks,4.91,99.82,793,406,Ruby,vDeck,1
OmegaServers,1.28,99.95,647,1384,PHP,cPanel,1
OmegaOnline,6.58,99.84,715,1207,PHP,Custom,0
BetaServers,7.26,99.99,710,1044,Custom,Custom,0
HyperWorld,6.62,99.93,497,1376,PHP,Custom,1
DeltaOnline,2.16,99.72,353,1663,Node.js,Custom,1
TerraOnline,3.16,99.77,775,199,Custom,SPanel,1
GammaNetworks,6.04,99.94,594,1835,Ruby,Custom,1
NanoNetworks,8.25,99.94,639,723,Node.js,vDeck,0
BetaNetworks,7.26,99.94,168,562,Node.js,cPanel,1
AlphaOnline,8.77,99.9,231,1113,PHP,cPanel,0
DeltaWorld,5.65,99.99,732,1868,Python,cPanel,1
GammaWorld,5.84,99.97,592,556,Node.js,cPanel,1
GammaWeb,1.15,99.87,326,1869,Ruby,cPanel,0
NanoBox,6.75,99.71,22,567,Python,vDeck,1
ZetaOnline,5.89,99.92,783,1853,Python,SPanel,0
ZetaGrid,1.37,99.98,960,1447,Custom,vDeck,0
GammaNetworks,2.71,99.91,413,1432,Custom,vDeck,1
DeltaOnline,3.28,99.84,618,93,Ruby,Custom,1
BetaBox,1.49,99.75,833,726,Custom,SPanel,1
AlphaNetworks,4.38,99.8,939,1888,Python,cPanel,0
HyperWorld,5.68,99.74,792,369,PHP,Custom,0
MegaSolutions,9.52,99.76,840,68,Python,cPanel,0
AlphaSolutions,5.03,99.87,509,1498,Python,hPanel,0
MegaWeb,5.38,99.83,201,1291,PHP,vDeck,1
ZetaSolutions,1.03,99.84,960,818,Custom,cPanel,0
NanoWorld,2.44,99.9,489,258,Custom,cPanel,0
BetaCloud,7.2,99.97,763,616,Custom,vDeck,0
ZetaWeb,9.41,99.73,482,1767,Ruby,SPanel,0
AlphaGrid,1.82,99.87,968,672,PHP,Custom,0
DeltaServers,8.45,99.94,90,1847,Node.js,SPanel,0
DeltaOnline,7.3,99.73,584,765,Python,hPanel,1
TerraHost,8.04,99.76,820,301,Custom,Custom,1
ZetaWeb,8.95,99.7,800,1165,Custom,vDeck,1
ZetaOnline,7.49,99.88,761,523,Custom,hPanel,0
AlphaCloud,2.94,99.87,24,1949,Python,cPanel,0
ZetaBox,7.85,99.72,458,715,Node.js,cPanel,1
ZetaCloud,3.96,99.94,465,1085,Node.js,Custom,0
AlphaBox,8.08,99.73,366,1025,Custom,SPanel,0
ZetaSolutions,6.79,99.72,385,1402,Ruby,SPanel,0
DeltaNetworks,2.09,99.97,754,1664,PHP,Custom,1
MegaGrid,8.11,99.86,332,760,Python,hPanel,1
TerraBox,8.9,99.83,858,1837,PHP,vDeck,1
DeltaCloud,7.29,99.74,322,1957,PHP,Custom,0
TerraCloud,9.83,99.71,850,812,Node.js,hPanel,1
DeltaOnline,3.04,99.97,716,1329,Node.js,hPanel,1
DeltaWorld,6.04,99.76,502,1784,Node.js,cPanel,0
ZetaHost,3.29,99.76,526,282,Custom,Custom,1
MegaGrid,6.57,99.91,350,56,Custom,vDeck,0
DeltaWeb,2.95,99.95,701,1208,PHP,cPanel,1
HyperSolutions,2.85,99.84,855,507,Custom,hPanel,0
DeltaServers,2.82,99.74,496,1389,Node.js,vDeck,1
OmegaSolutions,4.24,99.84,276,940,Custom,cPanel,1
AlphaHost,5.23,99.98,611,1245,Ruby,Custom,1
MegaOnline,8.94,99.82,860,1393,Python,Custom,0
OmegaSolutions,9.95,99.91,372,574,Ruby,vDeck,0
BetaWeb,5.43,99.83,743,788,Python,SPanel,1
MegaWeb,5.66,99.72,144,1553,PHP,Custom,0
AlphaWorld,1.1,99.8,649,1275,Ruby,cPanel,1
TerraServers,8.9,99.91,498,1031,Custom,Custom,0
DeltaBox,2.54,99.77,789,1318,Node.js,Custom,0
DeltaOnline,3.1,99.71,802,1499,Python,hPanel,0
MegaGrid,9.93,99.71,450,1640,Custom,SPanel,0
OmegaServers,8.29,99.71,453,1057,PHP,Custom,1
AlphaCloud,2.18,99.7,404,172,Node.js,SPanel,0
OmegaBox,9.91,99.71,48,1216,PHP,cPanel,1
AlphaNetworks,9.05,99.98,824,1388,Python,SPanel,0
AlphaNetworks,1.91,99.91,526,560,Custom,Custom,0
NanoGrid,7.05,99.74,267,1200,Custom,hPanel,0
MegaWeb,5.42,99.98,364,389,Node.js,cPanel,1
TerraServers,1.1,99.71,585,1375,Python,SPanel,0
HyperBox,5.54,99.83,582,1382,Ruby,Custom,0
HyperBox,7.12,99.74,525,1527,Node.js,SPanel,0
BetaCloud,8.94,99.95,733,1624,Node.js,SPanel,1
NanoCloud,9.93,99.7,569,1092,Custom,SPanel,1
AlphaBox,7.59,99.84,678,1022,PHP,SPanel,0
BetaGrid,3.94,99.85,924,968,Node.js,Custom,1
Vultr,3.5,99.99,25,1000,Node.js,Custom,1
DeltaWeb,6.9,99.94,462,1270,Ruby,cPanel,1
ZetaBox,2.64,99.78,476,321,Ruby,vDeck,1
BetaCloud,8.96,99.79,191,371,Python,hPanel,0
MegaServers,2.26,99.76,427,587,Python,hPanel,1
GammaHost,6.07,99.99,909,1474,PHP,Custom,1
AlphaNetworks,1.44,99.95,222,172,Ruby,hPanel,1
MegaBox,7.41,99.78,360,611,Node.js,hPanel,0
ZetaBox,4.74,99.81,975,804,PHP,hPanel,0
HyperNetworks,6.48,99.97,233,1019,Custom,hPanel,1
AlphaBox,9.71,99.85,342,1176,Node.js,hPanel,1
TerraGrid,1.92,99.83,718,895,Node.js,cPanel,1
MegaOnline,6.31,99.97,575,1194,Ruby,SPanel,1
OmegaHost,3.72,99.87,859,1690,Custom,hPanel,1
NanoHost,7.89,99.88,574,1352,Node.js,vDeck,1
DeltaBox,8.76,99.91,11,1780,PHP,hPanel,1
AlphaWeb,4.81,99.86,972,761,PHP,vDeck,1
AlphaOnline,7.95,99.78,662,857,Custom,Custom,1
AlphaCloud,8.43,99.88,320,1957,Node.js,hPanel,0
MegaCloud,6.89,99.7,677,669,Node.js,vDeck,0
HyperCloud,3.53,99.96,90,977,Python,cPanel,0
DeltaCloud,6.26,99.94,849,1602,Ruby,cPanel,1
ZetaHost,6.65,99.74,408,1625,Node.js,vDeck,0
BetaGrid,6.92,99.77,309,189,Custom,hPanel,1
OmegaSolutions,3.01,99.89,307,134,Custom,hPanel,1
AlphaServers,2.95,99.9,850,1615,Ruby,Custom,0
MegaWorld,7.01,99.8,545,1154,Custom,SPanel,1
HyperServers,4.16,99.74,473,1101,PHP,cPanel,1
DeltaServers,2.5,99.92,89,1080,Custom,cPanel,1
TerraWeb,9.89,99.79,117,1872,Ruby,vDeck,1
OmegaCloud,4.19,99.89,514,844,Ruby,cPanel,0
HyperCloud,5.69,99.77,575,1213,Node.js,vDeck,1
DeltaSolutions,6.43,99.98,931,935,Ruby,Custom,1
ZetaWeb,5.79,99.99,451,679,Ruby,hPanel,0
NanoBox,4.13,99.79,923,869,Ruby,SPanel,0
GammaHost,1.84,99.97,869,1835,PHP,SPanel,1
TerraCloud,9.95,99.75,62,513,PHP,Custom,0
ZetaNetworks,5.2,99.78,99,1663,Node.js,Custom,0
OmegaServers,8.5,99.94,154,1508,Node.js,Custom,0
NanoOnline,3.95,99.98,746,1238,Ruby,Custom,1
BetaWorld,1.4,99.93,275,1375,Node.js,SPanel,0
NanoHost,5.98,99.75,778,700,Ruby,hPanel,0
ZetaWeb,7.82,99.82,796,1450,Python,vDeck,0
MegaCloud,1.88,99.92,902,330,Python,vDeck,1
BetaOnline,3.92,99.79,490,174,PHP,SPanel,0
NanoBox,9.33,99.74,334,1299,PHP,SPanel,0
MegaServers,1.08,99.91,711,700,PHP,cPanel,1
HyperBox,1.63,99.87,493,253,Python,SPanel,1
HyperOnline,8.26,99.99,438,1389,Python,vDeck,0
TerraWeb,3.62,100.0,545,927,Python,vDeck,0
ZetaServers,4.2,99.83,816,1897,Custom,vDeck,1
DeltaBox,3.29,99.85,125,1837,Node.js,cPanel,1
TerraNetworks,2.49,99.87,959,94,Custom,SPanel,1
GammaSolutions,5.93,99.82,550,595,Node.js,SPanel,1
BetaCloud,6.57,99.96,927,1494,Python,cPanel,0
BetaServers,1.56,99.97,697,1597,Ruby,SPanel,0
DeltaServers,4.46,99.97,694,815,Python,vDeck,0
MegaNetworks,4.0,99.72,116,1854,PHP,hPanel,0
DeltaGrid,6.5,99.95,401,1142,PHP,Custom,0
AlphaGrid,1.22,99.89,326,1512,Ruby,Custom,1
DeltaSolutions,5.66,99.84,176,159,Python,SPanel,0
MegaOnline,3.4,99.82,113,1378,Python,cPanel,1
DeltaOnline,8.89,99.75,520,1638,Custom,SPanel,1
AlphaCloud,5.4,99.71,842,1592,Node.js,Custom,1
OmegaBox,2.29,99.84,213,654,Custom,vDeck,1
AlphaWeb,9.86,99.88,877,1701,Node.js,cPanel,1
ZetaBox,3.69,99.94,507,1483,Node.js,cPanel,1
HyperServers,4.6,99.81,596,554,Python,SPanel,1
TerraWeb,3.91,99.92,94,162,Python,cPanel,1
GammaServers,8.37,99.94,653,497,PHP,cPanel,0
AlphaOnline,1.9,99.88,763,1274,Node.js,cPanel,1
AwardSpace,2.99,99.9,20,200,PHP,cPanel,0
BetaBox,6.18,99.78,783,1454,Python,hPanel,0
ZetaNetworks,6.98,99.87,102,1076,Python,SPanel,1
OmegaHost,4.53,99.95,24,71,Custom,Custom,0
DeltaOnline,4.04,99.9,733,1766,Custom,vDeck,0
BetaGrid,4.2,99.84,49,949,Node.js,vDeck,0
MegaOnline,7.66,99.94,450,70,PHP,cPanel,1
GammaCloud,2.26,100.0,899,143,Custom,Custom,1
HyperOnline,6.56,99.88,277,371,Node.js,cPanel,1
ZetaHost,6.65,99.84,725,1246,PHP,Custom,0
TerraNetworks,3.15,99.74,373,1801,Custom,SPanel,1
NanoNetworks,9.87,99.82,739,1105,Ruby,Custom,0
GammaNetworks,9.52,99.75,36,1803,Python,vDeck,1
BetaHost,9.34,100.0,843,197,Node.js,hPanel,1
DeltaServers,6.77,99.71,412,1256,Python,SPanel,1
TerraOnline,8.38,99.88,651,1547,Ruby,Custom,0
GammaOnline,6.35,99.89,186,1746,Node.js,SPanel,1
ZetaWorld,3.39,99.81,647,738,Ruby,Custom,0
HyperGrid,2.4,99.9,450,65,Node.js,hPanel,1
MegaSolutions,8.69,99.92,171,1980,Node.js,Custom,1
TerraGrid,5.76,99.84,106,920,Python,vDeck,1
BetaNetworks,6.88,99.77,212,1203,PHP,vDeck,1
HyperNetworks,3.32,99.78,324,1166,Node.js,SPanel,1
NanoWeb,9.57,99.93,254,896,Custom,vDeck,0
OmegaNetworks,8.06,99.8,66,1725,Custom,vDeck,0
ZetaCloud,2.68,99.78,695,140,PHP,cPanel,0
ZetaWeb,6.34,99.72,635,566,PHP,Custom,0
GammaBox,5.75,99.78,79,1074,Custom,SPanel,1
AlphaOnline,1.86,99.81,880,1583,Ruby,Custom,1
OmegaGrid,6.57,99.77,517,1108,Node.js,hPanel,1
OmegaGrid,3.97,99.96,112,655,Python,Custom,0
DeltaSolutions,8.45,99.87,508,1959,Python,SPanel,1
OmegaServers,4.43,99.92,41,143,Custom,SPanel,1
BetaGrid,3.12,99.82,440,1309,Ruby,vDeck,0
NanoWorld,3.45,99.81,350,177,PHP,hPanel,1
ZetaOnline,6.54,99.76,237,1005,Ruby,SPanel,0
GammaWeb,8.89,99.96,875,708,Custom,SPanel,0
TerraCloud,5.9,99.71,502,1133,Custom,SPanel,0
GammaSolutions,7.03,99.79,907,1104,Ruby,hPanel,0
NanoCloud,3.51,99.98,908,595,PHP,vDeck,1
OmegaNetworks,3.22,99.9,230,1457,Custom,hPanel,0
NanoHost,5.8,99.94,833,548,Ruby,SPanel,1
DeltaBox,5.87,99.86,544,135,Python,SPanel,0
GammaSolutions,5.14,99.83,40,1588,Python,vDeck,0
DeltaCloud,4.64,99.93,399,545,Custom,hPanel,0
MegaGrid,2.14,99.76,789,615,Python,Custom,1
ZetaBox,3.04,99.72,458,726,Custom,cPanel,1
GammaHost,2.72,99.83,792,1175,Custom,cPanel,0
GammaOnline,8.69,99.76,941,1021,PHP,SPanel,0
DeltaGrid,4.72,99.93,789,1275,Custom,hPanel,0
NanoCloud,6.2,99.84,181,1278,Ruby,cPanel,1
AlphaSolutions,5.44,99.86,597,1811,Node.js,hPanel,1
GammaBox,7.87,99.87,834,1670,PHP,vDeck,1
ZetaWeb,9.28,99.94,242,1119,Node.js,vDeck,0
ZetaCloud,9.84,99.79,332,901,Node.js,cPanel,1
MegaCloud,7.93,99.94,411,1038,Custom,vDeck,0
AlphaSolutions,6.51,99.93,158,1332,Custom,hPanel,1
MegaWeb,7.92,99.78,721,1542,Ruby,Custom,0
ZetaOnline,6.21,99.86,824,1260,Ruby,Custom,1
DeltaServers,1.24,99.71,67,839,PHP,hPanel,0
DeltaOnline,4.87,99.88,721,1894,Ruby,SPanel,0
GammaWeb,6.22,99.85,871,610,PHP,Custom,1
TerraBox,4.67,99.76,273,268,Node.js,hPanel,1
NanoSolutions,1.59,99.93,409,99,PHP,SPanel,1
BetaOnline,1.16,99.81,308,666,Ruby,hPanel,0
AlphaWorld,6.3,99.9,529,1933,Node.js,vDeck,0
HyperSolutions,7.64,99.83,983,633,Python,hPanel,0
HyperOnline,2.37,99.81,164,796,Python,hPanel,0
MegaServers,9.98,99.95,282,429,PHP,cPanel,0
MegaOnline,6.68,99.78,573,1928,Ruby,cPanel,1
GammaOnline,7.54,99.83,992,1817,Node.js,hPanel,1
ZetaOnline,6.22,99.72,201,976,Custom,hPanel,1
ZetaOnline,4.4,99.82,592,1981,Node.js,SPanel,1
ZetaBox,9.16,99.79,34,818,PHP,hPanel,0
NanoWeb,6.7,99.81,357,631,Python,SPanel,0
OmegaOnline,8.4,99.89,139,1704,Custom,cPanel,1
TerraNetworks,1.41,99.88,981,1777,Python,SPanel,0
OmegaServers,4.9,99.93,52,1300,Python,hPanel,0
MegaBox,8.52,99.72,791,211,Ruby,hPanel,1
OmegaSolutions,1.94,99.8,366,760,Custom,hPanel,1
OmegaWeb,9.31,99.83,625,1928,PHP,hPanel,1
OmegaBox,9.96,99.73,869,591,PHP,SPanel,0
ZetaWorld,4.29,99.71,591,824,PHP,hPanel,1
NanoServers,1.39,99.78,388,907,Node.js,cPanel,0
TerraGrid,6.46,99.97,152,384,Ruby,cPanel,0
ZetaNetworks,7.97,99.91,480,1686,Custom,cPanel,0
HyperHost,5.01,99.83,788,728,Node.js,hPanel,0
MegaWeb,4.4,99.84,592,281,PHP,vDeck,0
TerraHost,9.01,99.94,266,132,Node.js,vDeck,0
HyperBox,6.82,99.81,72,1548,PHP,SPanel,0
MegaOnline,9.27,99.73,884,1961,Custom,hPanel,0
GammaHost,9.86,99.73,870,1874,PHP,cPanel,1
NanoHost,7.9,99.93,676,1668,Custom,Custom,1
BetaWorld,7.72,99.77,120,1676,Custom,cPanel,0
AlphaWeb,4.89,99.86,45,790,Custom,vDeck,0
OmegaWeb,9.45,99.94,500,337,Node.js,vDeck,1
ZetaWeb,8.56,99.97,603,1477,Python,hPanel,1
GammaHost,1.76,99.74,437,1314,Node.js,SPanel,0
ZetaGrid,7.6,99.71,646,135,Node.js,Custom,0
BetaCloud,5.37,99.84,56,1376,Ruby,cPanel,1
TerraBox,2.97,99.73,759,1079,Custom,hPanel,1
AlphaOnline,2.96,99.81,759,1346,Python,vDeck,1
BetaCloud,7.27,99.98,19,1912,PHP,cPanel,0
OmegaSolutions,7.33,99.79,11,1936,Python,cPanel,1
MegaServers,6.88,99.97,547,1696,Node.js,vDeck,1
GammaCloud,9.71,99.97,118,630,Custom,hPanel,1
NanoWorld,9.11,99.93,547,1321,PHP,Custom,1
BetaWeb,2.63,99.79,432,1687,Python,Custom,0
HyperHost,2.74,99.78,896,1431,Ruby,Custom,1
TerraBox,7.83,99.95,246,1262,Ruby,Custom,1
NanoHost,4.0,99.78,833,1721,Custom,vDeck,0
OmegaBox,1.54,99.95,703,1890,Python,SPanel,0
DeltaWeb,9.63,99.87,754,1787,PHP,cPanel,1
OmegaGrid,4.38,99.81,232,173,Ruby,hPanel,0
BetaServers,1.95,99.91,979,343,Ruby,SPanel,1
OmegaServers,9.28,99.8,613,221,Node.js,cPanel,0
ZetaOnline,6.04,99.74,40,1355,Ruby,Custom,0
ZetaHost,7.17,99.78,876,1754,Ruby,hPanel,1
TerraWorld,1.45,99.97,693,258,Node.js,cPanel,0
MegaServers,2.49,99.85,161,481,Python,Custom,1
ZetaGrid,4.74,99.8,485,749,Custom,SPanel,1
NanoOnline,9.16,99.79,761,541,Custom,cPanel,0
TerraWorld,2.11,99.99,158,159,Ruby,vDeck,1
ZetaHost,9.13,100.0,139,427,PHP,Custom,0
BetaServers,7.39,99.79,157,951,Python,hPanel,0
GammaWorld,1.58,99.78,319,748,Python,cPanel,0
NanoHost,4.55,99.85,963,168,Custom,hPanel,0
MegaServers,1.36,99.84,264,1973,Ruby,vDeck,0
DeltaHost,5.87,99.93,240,1127,Custom,Custom,0
OmegaSolutions,3.4,99.7,536,813,Node.js,hPanel,0
NanoNetworks,8.65,99.87,487,1959,Custom,hPanel,1
AlphaWorld,2.26,99.93,752,1071,PHP,vDeck,1
BetaHost,9.64,99.81,423,855,PHP,SPanel,1
GammaBox,4.97,99.78,571,1276,PHP,Custom,1
GammaHost,9.54,99.71,771,1325,Node.js,Custom,1
ZetaNetworks,5.49,99.9,117,377,Custom,vDeck,1
AlphaCloud,8.57,99.83,213,803,Ruby,SPanel,1
GammaBox,3.57,99.77,141,1168,PHP,hPanel,0
MegaOnline,9.08,99.7,407,1399,Python,SPanel,0
HyperOnline,9.92,99.74,144,381,Custom,hPanel,1
NanoBox,6.45,99.72,40,1898,Ruby,cPanel,0
MegaWeb,2.42,99.95,909,94,Custom,SPanel,0
TerraServers,7.67,99.71,493,1349,Python,cPanel,0
OmegaHost,6.34,99.74,741,193,Ruby,hPanel,1
AlphaSolutions,9.95,99.72,959,1336,Ruby,hPanel,0
HyperOnline,9.54,99.74,553,456,Node.js,hPanel,0
ZetaOnline,9.77,99.71,254,1049,Custom,SPanel,1
DeltaSolutions,7.61,99.86,936,826,Node.js,Custom,0
MegaHost,5.63,99.97,102,1668,Custom,hPanel,0
GammaOnline,1.21,99.72,661,1811,PHP,Custom,1
OmegaHost,7.59,99.76,757,622,PHP,hPanel,0
BetaSolutions,6.63,99.99,804,516,Custom,vDeck,1
OmegaServers,8.75,99.93,116,1774,Ruby,cPanel,0
MegaServers,3.42,99.95,474,1664,Python,cPanel,1
HyperSolutions,7.77,99.88,29,1361,Custom,hPanel,0
1&1 IONOS,4.0,99.98,100,unlimited,PHP,Custom,0
OmegaCloud,2.34,99.87,580,1962,PHP,hPanel,0
HyperSolutions,7.9,99.97,80,742,PHP,Custom,0
DeltaCloud,5.85,99.72,431,1068,PHP,vDeck,0
BetaGrid,5.65,99.88,677,1152,PHP,hPanel,1
OmegaServers,3.79,99.89,305,522,Node.js,vDeck,1
OmegaSolutions,7.12,99.97,962,1267,Ruby,vDeck,1
ZetaServers,5.53,99.77,195,468,Python,SPanel,1
DeltaHost,9.95,99.83,656,1491,PHP,cPanel,0
DeltaWeb,8.29,99.89,234,459,Python,hPanel,0
HyperSolutions,9.56,99.77,296,600,PHP,Custom,0
ZetaOnline,9.55,99.72,360,354,Python,hPanel,0
ZetaServers,3.79,99.89,486,1152,Custom,cPanel,1
MegaSolutions,8.42,99.81,104,1407,Custom,Custom,0
MegaCloud,4.9,99.73,165,751,Custom,cPanel,1
AlphaGrid,3.03,99.92,562,836,Node.js,vDeck,0
ZetaNetworks,9.73,99.71,401,624,Node.js,vDeck,1
ZetaServers,3.61,99.91,887,743,Ruby,cPanel,1
AlphaWeb,6.97,99.83,541,303,PHP,SPanel,0
TerraBox,7.16,99.86,502,758,Ruby,vDeck,0
DeltaCloud,4.33,99.97,722,576,Custom,cPanel,0
MegaBox,1.02,99.79,768,1591,Ruby,hPanel,1
MegaCloud,4.89,99.87,434,101,Custom,cPanel,1
BetaSolutions,2.09,99.73,448,360,Custom,cPanel,0
BetaSolutions,7.92,99.93,302,1895,PHP,vDeck,0
DeltaNetworks,3.57,99.78,305,1618,Ruby,vDeck,1
NanoSolutions,6.56,99.94,992,1742,Node.js,SPanel,1
NanoNetworks,2.73,99.99,528,1173,Python,SPanel,1
OmegaBox,4.23,99.87,655,645,PHP,cPanel,1
TerraOnline,5.91,99.93,435,56,Custom,vDeck,1
DeltaNetworks,1.87,99.75,105,1154,PHP,hPanel,1
MegaServers,2.47,99.89,493,759,Custom,vDeck,0
AlphaHost,5.68,99.88,863,995,Python,SPanel,0
MegaServers,2.96,99.75,724,1765,Custom,SPanel,1
AlphaHost,7.1,99.89,282,1097,PHP,hPanel,0
IX Web Hosting,3.95,99.9,unlimited,unlimited,PHP,cPanel,0
TerraCloud,1.75,99.84,265,1725,PHP,vDeck,0
BetaWorld,6.63,99.92,300,618,Custom,Custom,1
DeltaWorld,1.32,99.71,375,662,Node.js,hPanel,0
ZetaBox,3.52,99.87,223,1612,PHP,SPanel,1
TerraBox,9.81,99.76,274,386,Ruby,cPanel,1
ZetaWeb,7.66,99.74,641,278,Node.js,vDeck,0
NanoWeb,4.43,99.82,649,1671,Python,cPanel,0
DeltaBox,4.77,100.0,96,232,Node.js,SPanel,0
ZetaWorld,6.89,99.73,209,1126,Python,SPanel,0
BetaBox,5.97,99.83,823,171,Custom,hPanel,1
GammaWeb,1.17,99.99,500,442,Ruby,vDeck,0
HyperWeb,1.38,99.83,122,1467,Custom,cPanel,1
GammaWorld,6.47,99.82,241,119,Python,Custom,0
TerraWeb,5.35,99.95,652,795,Custom,vDeck,0
AlphaWeb,7.57,99.87,210,754,Custom,cPanel,1
OmegaOnline,8.89,99.82,971,856,PHP,hPanel,0
BetaSolutions,3.43,99.85,772,1065,Ruby,Custom,1
ZetaBox,9.0,99.76,721,293,PHP,SPanel,0
BetaNetworks,6.58,99.74,370,1945,PHP,hPanel,1
MegaOnline,1.01,99.75,162,1798,Ruby,hPanel,0
DeltaWorld,6.92,99.9,777,1473,Ruby,cPanel,0
MegaWeb,9.63,99.97,415,1053,Python,vDeck,1
GammaBox,4.28,99.96,561,1103,PHP,SPanel,1
NanoSolutions,8.41,99.95,652,1353,PHP,Custom,1
MegaNetworks,9.54,99.8,137,1260,Custom,cPanel,0
MegaWeb,3.05,99.93,236,173,Ruby,SPanel,0
ZetaGrid,4.03,99.92,69,305,Ruby,cPanel,1
DeltaCloud,9.44,99.97,286,1593,Custom,SPanel,0
TerraGrid,1.14,99.79,142,942,PHP,hPanel,0
AlphaGrid,5.72,99.91,118,1637,Python,Custom,0
AlphaWorld,1.37,99.86,617,1069,Custom,cPanel,0
BetaGrid,7.22,99.91,960,164,PHP,Custom,0
OmegaCloud,7.92,99.96,693,1992,Custom,cPanel,1
TerraCloud,8.06,99.8,401,661,Python,cPanel,1
HyperWorld,6.89,99.99,953,116,Python,Custom,1
TerraCloud,1.5,99.96,711,511,Node.js,hPanel,0
OmegaSolutions,5.19,99.93,910,778,Ruby,vDeck,0
ZetaOnline,5.67,99.89,388,827,Custom,hPanel,0
TerraWeb,4.98,99.8,942,527,Python,hPanel,0
TerraHost,7.0,99.76,918,764,Custom,hPanel,1
HyperHost,4.16,99.95,950,1102,Node.js,SPanel,0
GammaSolutions,4.96,99.96,179,1314,Ruby,cPanel,0
DeltaWeb,8.31,100.0,625,344,Custom,hPanel,1
HyperNetworks,7.68,99.92,357,318,PHP,hPanel,0
OmegaNetworks,1.53,99.88,819,1285,PHP,cPanel,1
DeltaOnline,5.79,100.0,561,701,Python,SPanel,0
HyperSolutions,5.95,99.91,194,1266,Ruby,vDeck,0
HyperSolutions,9.65,99.82,544,689,PHP,vDeck,0
DeltaNetworks,1.12,99.78,564,1070,Python,hPanel,1
BetaWorld,6.86,99.99,134,388,Ruby,hPanel,0
